customer_id,customer_name,email,region,segment,signup_date
1370,Arjun Sharma,arjun.sharma1370@example.com,East,Premium,2022-04-03
4844,Rohan Reddy,rohan.reddy4844@example.com,North,Premium,2024-04-24
3393,Isha Sharma,isha.sharma3393@example.com,North,Premium,2022-03-24
3495,Rahul Desai,rahul.desai3495@example.com,North,Premium,2025-01-06
4977,Sneha Verma,sneha.verma4977@example.com,South,Standard,2024-04-21
4325,Karan Nair,karan.nair4325@example.com,North,Premium,2024-11-30
4486,Isha Shah,isha.shah4486@example.com,East,Premium,2022-03-17
2303,Ananya Patel,ananya.patel2303@example.com,North,Standard,2021-07-18
276,Priya Iyer,priya.iyer276@example.com,East,Standard,2025-07-11
790,Vivaan Reddy,vivaan.reddy790@example.com,West,Premium,2023-02-15
4755,Aditya Desai,aditya.desai4755@example.com,East,Standard,2024-03-28
1468,Vikram Reddy,vikram.reddy1468@example.com,North,Premium,2024-09-16
1800,Rahul Nair,rahul.nair1800@example.com,East,Premium,2025-10-18
3915,Rahul Iyer,rahul.iyer3915@example.com,North,Standard,2022-07-24
3002,Meera Malhotra,meera.malhotra3002@example.com,East,Premium,2023-01-29
673,Priya Gupta,priya.gupta673@example.com,East,Premium,2024-06-01
4778,Kabir Desai,kabir.desai4778@example.com,South,Premium,2023-08-05
3105,Diya Singh,diya.singh3105@example.com,South,Standard,2025-09-23
4123,Vivaan Gupta,vivaan.gupta4123@example.com,North,Standard,2023-04-02
654,Karan Patel,karan.patel654@example.com,South,Standard,2022-03-12
3406,Aditi Verma,aditi.verma3406@example.com,West,Premium,2022-06-27
346,Rohan Gupta,rohan.gupta346@example.com,East,Standard,2024-04-10
3348,Diya Shah,diya.shah3348@example.com,South,Premium,2023-11-10
4871,Aditi Patel,aditi.patel4871@example.com,North,Premium,2021-11-10
2482,Kabir Nair,kabir.nair2482@example.com,West,Premium,2023-02-28
4891,Diya Kapoor,diya.kapoor4891@example.com,West,Standard,2024-02-08
1063,Aarav Malhotra,aarav.malhotra1063@example.com,North,Standard,2025-04-24
2349,Ananya Patel,ananya.patel2349@example.com,East,Standard,2021-11-20
132,Meera Sharma,meera.sharma132@example.com,East,Premium,2023-11-06
3041,Arjun Iyer,arjun.iyer3041@example.com,East,Premium,2021-11-10
1284,Priya Nair,priya.nair1284@example.com,South,Premium,2024-05-11
1465,Ananya Joshi,ananya.joshi1465@example.com,North,Premium,2023-01-14
4821,Yash Gupta,yash.gupta4821@example.com,North,Premium,2025-12-04
2990,Kavya Patel,kavya.patel2990@example.com,North,Standard,2025-07-30
1019,Aditya Nair,aditya.nair1019@example.com,South,Premium,2024-09-13
128,Aditi Desai,aditi.desai128@example.com,South,Standard,2023-12-17
4664,Pooja Verma,pooja.verma4664@example.com,South,Premium,2024-12-31
470,Yash Verma,yash.verma470@example.com,East,Standard,2023-11-26
497,Meera Patel,meera.patel497@example.com,South,Premium,2021-05-12
1823,Ananya Sharma,ananya.sharma1823@example.com,South,Premium,2021-01-15
4381,Aditya Reddy,aditya.reddy4381@example.com,North,Premium,2021-05-19
282,Vivaan Iyer,vivaan.iyer282@example.com,East,Premium,2023-11-19
1102,Rahul Singh,rahul.singh1102@example.com,West,Premium,2024-01-10
3758,Rohan Reddy,rohan.reddy3758@example.com,West,Premium,2025-05-26
4488,Aditi Nair,aditi.nair4488@example.com,West,Premium,2021-07-13
1073,Arjun Malhotra,arjun.malhotra1073@example.com,West,Standard,2023-05-18
4374,Isha Joshi,isha.joshi4374@example.com,North,Premium,2021-05-05
4180,Diya Reddy,diya.reddy4180@example.com,East,Premium,2022-05-25
312,Vikram Gupta,vikram.gupta312@example.com,West,Premium,2023-05-15
3820,Kabir Singh,kabir.singh3820@example.com,West,Premium,2025-11-26
124,Aditya Joshi,aditya.joshi124@example.com,North,Premium,2024-08-28
3918,Sneha Iyer,sneha.iyer3918@example.com,North,Premium,2025-03-24
4369,Rahul Mehta,rahul.mehta4369@example.com,West,Standard,2023-09-13
2562,Vikram Iyer,vikram.iyer2562@example.com,West,Premium,2021-12-04
2113,Diya Sharma,diya.sharma2113@example.com,West,Standard,2025-05-25
558,Meera Singh,meera.singh558@example.com,West,Standard,2021-11-14
3106,Vikram Singh,vikram.singh3106@example.com,South,Premium,2024-04-01
2890,Sneha Sharma,sneha.sharma2890@example.com,East,Premium,2021-04-13
4522,Kavya Joshi,kavya.joshi4522@example.com,South,Premium,2023-11-07
117,Aditya Iyer,aditya.iyer117@example.com,South,Premium,2024-05-03
84,Aditya Malhotra,aditya.malhotra84@example.com,South,Standard,2021-09-03
4499,Kavya Gupta,kavya.gupta4499@example.com,North,Premium,2023-05-09
1251,Kavya Kapoor,kavya.kapoor1251@example.com,East,Standard,2022-02-23
951,Ananya Gupta,ananya.gupta951@example.com,East,Standard,2021-09-26
2895,Yash Joshi,yash.joshi2895@example.com,East,Premium,2021-01-20
4414,Meera Kapoor,meera.kapoor4414@example.com,North,Premium,2024-01-07
852,Vikram Desai,vikram.desai852@example.com,East,Premium,2022-12-16
3607,Aditya Mishra,aditya.mishra3607@example.com,South,Standard,2022-08-07
1555,Kabir Joshi,kabir.joshi1555@example.com,East,Premium,2024-09-29
1955,Sneha Singh,sneha.singh1955@example.com,North,Premium,2022-06-26
2813,Arjun Mishra,arjun.mishra2813@example.com,North,Premium,2022-07-12
4389,Yash Kapoor,yash.kapoor4389@example.com,South,Standard,2022-02-21
500,Karan Desai,karan.desai500@example.com,West,Standard,2025-09-29
4304,Vivaan Patel,vivaan.patel4304@example.com,West,Standard,2021-04-01
4742,Aarav Shah,aarav.shah4742@example.com,South,Standard,2021-11-27
1724,Meera Desai,meera.desai1724@example.com,West,Premium,2021-08-18
473,Aditya Mishra,aditya.mishra473@example.com,South,Premium,2025-09-06
258,Priya Kapoor,priya.kapoor258@example.com,South,Standard,2021-09-19
3884,Vivaan Singh,vivaan.singh3884@example.com,East,Premium,2023-01-03
3638,Vikram Malhotra,vikram.malhotra3638@example.com,South,Premium,2022-12-26
3165,Sneha Mishra,sneha.mishra3165@example.com,West,Premium,2022-04-30
3686,Kabir Nair,kabir.nair3686@example.com,South,Standard,2021-02-20
3440,Kabir Reddy,kabir.reddy3440@example.com,East,Standard,2025-07-01
1536,Rahul Singh,rahul.singh1536@example.com,South,Premium,2023-02-23
1250,Vivaan Iyer,vivaan.iyer1250@example.com,West,Premium,2022-02-13
1401,Meera Shah,meera.shah1401@example.com,East,Premium,2022-04-02
4633,Aarav Malhotra,aarav.malhotra4633@example.com,South,Standard,2022-11-04
3966,Karan Iyer,karan.iyer3966@example.com,North,Standard,2022-12-21
3153,Neha Verma,neha.verma3153@example.com,East,Premium,2021-08-25
1568,Karan Mehta,karan.mehta1568@example.com,East,Premium,2021-08-11
3770,Pooja Verma,pooja.verma3770@example.com,East,Standard,2023-06-13
607,Pooja Desai,pooja.desai607@example.com,North,Standard,2024-03-26
1537,Vikram Singh,vikram.singh1537@example.com,North,Standard,2021-01-04
3416,Neha Mishra,neha.mishra3416@example.com,South,Standard,2023-06-03
2069,Aditya Malhotra,aditya.malhotra2069@example.com,East,Standard,2024-09-20
2817,Arjun Reddy,arjun.reddy2817@example.com,East,Standard,2024-09-27
2735,Isha Shah,isha.shah2735@example.com,West,Standard,2024-02-10
2335,Rohan Gupta,rohan.gupta2335@example.com,West,Standard,2024-10-19
576,Kabir Kapoor,kabir.kapoor576@example.com,East,Standard,2024-01-28
1403,Aarav Singh,aarav.singh1403@example.com,East,Premium,2023-05-31
97,Kavya Kapoor,kavya.kapoor97@example.com,East,Standard,2023-06-24
3898,Meera Malhotra,meera.malhotra3898@example.com,South,Standard,2025-06-14
2412,Kabir Malhotra,kabir.malhotra2412@example.com,North,Standard,2023-11-22
2765,Pooja Shah,pooja.shah2765@example.com,North,Premium,2024-10-09
2435,Yash Gupta,yash.gupta2435@example.com,South,Premium,2021-02-20
2027,Vivaan Gupta,vivaan.gupta2027@example.com,West,Premium,2023-07-22
2320,Isha Mishra,isha.mishra2320@example.com,South,Standard,2023-10-10
3972,Diya Gupta,diya.gupta3972@example.com,South,Premium,2025-03-18
2201,Arjun Nair,arjun.nair2201@example.com,West,Premium,2021-12-27
1789,Neha Joshi,neha.joshi1789@example.com,North,Premium,2025-10-04
4917,Arjun Joshi,arjun.joshi4917@example.com,South,Standard,2024-09-29
2609,Neha Desai,neha.desai2609@example.com,East,Standard,2024-06-08
1253,Neha Verma,neha.verma1253@example.com,West,Premium,2025-03-04
305,Aditi Joshi,aditi.joshi305@example.com,East,Premium,2025-09-17
4336,Karan Nair,karan.nair4336@example.com,West,Premium,2022-07-17
27,Meera Patel,meera.patel27@example.com,East,Premium,2022-07-11
372,Ananya Shah,ananya.shah372@example.com,North,Premium,2021-11-05
2152,Rahul Verma,rahul.verma2152@example.com,South,Premium,2021-05-12
2618,Isha Verma,isha.verma2618@example.com,East,Standard,2023-05-02
4268,Vivaan Gupta,vivaan.gupta4268@example.com,West,Standard,2025-04-26
958,Kavya Reddy,kavya.reddy958@example.com,North,Standard,2023-09-04
3004,Aarav Shah,aarav.shah3004@example.com,East,Standard,2025-10-14
4285,Isha Desai,isha.desai4285@example.com,South,Standard,2022-03-26
4194,Karan Verma,karan.verma4194@example.com,West,Premium,2023-03-08
4303,Ananya Malhotra,ananya.malhotra4303@example.com,West,Premium,2025-09-18
2815,Meera Mishra,meera.mishra2815@example.com,South,Premium,2023-03-18
801,Kavya Kapoor,kavya.kapoor801@example.com,North,Premium,2024-08-09
3187,Isha Mehta,isha.mehta3187@example.com,West,Premium,2021-04-13
4040,Karan Verma,karan.verma4040@example.com,East,Premium,2023-07-21
3621,Ananya Shah,ananya.shah3621@example.com,West,Standard,2025-03-21
4457,Isha Singh,isha.singh4457@example.com,North,Standard,2021-02-09
1118,Sneha Sharma,sneha.sharma1118@example.com,East,Premium,2024-08-24
2859,Aditya Nair,aditya.nair2859@example.com,North,Premium,2022-05-22
3969,Vikram Iyer,vikram.iyer3969@example.com,North,Premium,2022-05-04
232,Rohan Joshi,rohan.joshi232@example.com,North,Premium,2023-08-11
2336,Karan Nair,karan.nair2336@example.com,East,Premium,2024-05-25
3658,Pooja Reddy,pooja.reddy3658@example.com,North,Premium,2022-09-30
4244,Arjun Kapoor,arjun.kapoor4244@example.com,North,Standard,2024-03-25
698,Diya Verma,diya.verma698@example.com,South,Premium,2024-04-27
1096,Rahul Patel,rahul.patel1096@example.com,East,Premium,2025-06-19
959,Kavya Nair,kavya.nair959@example.com,North,Standard,2023-12-28
3070,Isha Malhotra,isha.malhotra3070@example.com,East,Premium,2023-11-03
2405,Ananya Sharma,ananya.sharma2405@example.com,West,Standard,2021-08-05
4012,Isha Shah,isha.shah4012@example.com,West,Premium,2023-06-11
3617,Kabir Reddy,kabir.reddy3617@example.com,East,Standard,2023-08-11
2070,Isha Iyer,isha.iyer2070@example.com,East,Standard,2025-10-11
4274,Rahul Iyer,rahul.iyer4274@example.com,North,Standard,2025-12-11
4054,Meera Gupta,meera.gupta4054@example.com,West,Standard,2022-11-20
3456,Aarav Joshi,aarav.joshi3456@example.com,East,Premium,2023-09-26
2265,Vikram Shah,vikram.shah2265@example.com,East,Standard,2022-07-27
4805,Pooja Reddy,pooja.reddy4805@example.com,East,Premium,2023-11-25
1190,Vikram Patel,vikram.patel1190@example.com,South,Standard,2023-09-28
2129,Sneha Nair,sneha.nair2129@example.com,South,Standard,2024-08-15
1483,Aditi Joshi,aditi.joshi1483@example.com,North,Premium,2022-08-26
2393,Rahul Verma,rahul.verma2393@example.com,South,Standard,2024-09-21
1802,Kavya Shah,kavya.shah1802@example.com,West,Standard,2023-05-22
1283,Sneha Shah,sneha.shah1283@example.com,East,Standard,2022-07-09
4174,Yash Singh,yash.singh4174@example.com,South,Premium,2025-01-17
2241,Vikram Shah,vikram.shah2241@example.com,North,Premium,2022-01-28
1840,Vikram Reddy,vikram.reddy1840@example.com,West,Standard,2025-01-23
1356,Kavya Nair,kavya.nair1356@example.com,East,Premium,2025-09-02
4363,Vikram Singh,vikram.singh4363@example.com,South,Standard,2022-01-03
11,Yash Sharma,yash.sharma11@example.com,South,Standard,2021-04-04
3990,Vivaan Desai,vivaan.desai3990@example.com,East,Premium,2024-07-30
74,Aditi Patel,aditi.patel74@example.com,North,Standard,2023-08-20
4873,Aditi Joshi,aditi.joshi4873@example.com,East,Premium,2021-04-16
1336,Karan Iyer,karan.iyer1336@example.com,West,Premium,2025-08-11
1098,Aditya Verma,aditya.verma1098@example.com,West,Premium,2024-03-27
4341,Vivaan Mehta,vivaan.mehta4341@example.com,South,Standard,2021-06-24
4921,Rahul Patel,rahul.patel4921@example.com,West,Premium,2025-05-08
477,Neha Verma,neha.verma477@example.com,West,Standard,2022-09-01
1377,Kavya Verma,kavya.verma1377@example.com,East,Premium,2024-06-02
2311,Arjun Nair,arjun.nair2311@example.com,South,Premium,2022-06-26
2176,Aditya Mehta,aditya.mehta2176@example.com,South,Premium,2024-02-05
1830,Aditya Mehta,aditya.mehta1830@example.com,North,Standard,2023-07-12
1165,Pooja Joshi,pooja.joshi1165@example.com,East,Premium,2022-04-20
1173,Yash Reddy,yash.reddy1173@example.com,East,Standard,2021-05-26
2185,Rahul Mishra,rahul.mishra2185@example.com,East,Premium,2023-05-21
2206,Arjun Desai,arjun.desai2206@example.com,South,Premium,2022-06-29
3652,Rohan Patel,rohan.patel3652@example.com,North,Premium,2025-06-12
966,Yash Kapoor,yash.kapoor966@example.com,East,Standard,2021-09-12
987,Meera Reddy,meera.reddy987@example.com,East,Standard,2022-07-12
1832,Neha Desai,neha.desai1832@example.com,West,Standard,2021-06-14
2467,Pooja Sharma,pooja.sharma2467@example.com,West,Standard,2024-05-21
3429,Karan Sharma,karan.sharma3429@example.com,North,Premium,2024-10-12
1872,Kavya Kapoor,kavya.kapoor1872@example.com,North,Standard,2024-03-26
1272,Vivaan Nair,vivaan.nair1272@example.com,South,Standard,2023-11-29
2108,Meera Mishra,meera.mishra2108@example.com,East,Premium,2024-04-13
3259,Isha Malhotra,isha.malhotra3259@example.com,West,Premium,2023-08-21
962,Priya Verma,priya.verma962@example.com,East,Standard,2024-10-04
2692,Arjun Iyer,arjun.iyer2692@example.com,South,Standard,2023-04-24
3963,Aditi Singh,aditi.singh3963@example.com,West,Premium,2023-07-21
3207,Aditya Shah,aditya.shah3207@example.com,East,Standard,2021-08-26
2264,Diya Iyer,diya.iyer2264@example.com,North,Standard,2023-04-27
3778,Vivaan Gupta,vivaan.gupta3778@example.com,East,Standard,2024-07-04
2347,Meera Nair,meera.nair2347@example.com,North,Premium,2022-07-01
4881,Sneha Mehta,sneha.mehta4881@example.com,East,Standard,2025-12-09
2829,Aditi Patel,aditi.patel2829@example.com,North,Premium,2024-12-24
1583,Kabir Singh,kabir.singh1583@example.com,North,Standard,2021-07-10
1894,Rahul Iyer,rahul.iyer1894@example.com,North,Standard,2021-08-29
1569,Rohan Joshi,rohan.joshi1569@example.com,East,Standard,2023-05-01
3809,Aditi Joshi,aditi.joshi3809@example.com,South,Standard,2024-02-03
1428,Rohan Verma,rohan.verma1428@example.com,South,Premium,2025-11-05
901,Aditya Singh,aditya.singh901@example.com,West,Standard,2025-06-02
721,Neha Singh,neha.singh721@example.com,North,Standard,2025-01-26
2188,Yash Iyer,yash.iyer2188@example.com,West,Premium,2023-07-04
2631,Sneha Joshi,sneha.joshi2631@example.com,East,Standard,2024-02-05
3198,Sneha Verma,sneha.verma3198@example.com,West,Standard,2025-11-16
1594,Vikram Reddy,vikram.reddy1594@example.com,South,Standard,2022-04-24
322,Isha Sharma,isha.sharma322@example.com,East,Standard,2024-12-15
3802,Diya Verma,diya.verma3802@example.com,South,Standard,2021-03-17
3147,Rohan Desai,rohan.desai3147@example.com,East,Premium,2025-11-26
2699,Meera Patel,meera.patel2699@example.com,West,Premium,2025-01-19
2944,Rohan Verma,rohan.verma2944@example.com,South,Premium,2023-08-20
181,Karan Shah,karan.shah181@example.com,West,Premium,2025-10-11
2726,Ananya Iyer,ananya.iyer2726@example.com,West,Standard,2024-07-07
528,Aditi Iyer,aditi.iyer528@example.com,North,Premium,2022-04-26
4959,Yash Gupta,yash.gupta4959@example.com,North,Standard,2021-07-21
3312,Arjun Joshi,arjun.joshi3312@example.com,South,Standard,2021-03-01
211,Vivaan Shah,vivaan.shah211@example.com,North,Standard,2023-01-05
2019,Priya Verma,priya.verma2019@example.com,South,Premium,2023-12-24
2757,Isha Kapoor,isha.kapoor2757@example.com,South,Premium,2021-12-25
3632,Aditya Kapoor,aditya.kapoor3632@example.com,West,Premium,2023-10-17
295,Kavya Mehta,kavya.mehta295@example.com,South,Standard,2024-07-30
2497,Karan Joshi,karan.joshi2497@example.com,East,Premium,2025-07-06
4950,Meera Mishra,meera.mishra4950@example.com,East,Premium,2021-06-01
1862,Meera Shah,meera.shah1862@example.com,East,Standard,2024-11-14
2290,Karan Joshi,karan.joshi2290@example.com,East,Premium,2023-02-27
4728,Aditi Patel,aditi.patel4728@example.com,South,Standard,2024-03-17
2742,Priya Kapoor,priya.kapoor2742@example.com,East,Standard,2021-02-14
1085,Diya Singh,diya.singh1085@example.com,North,Premium,2024-05-26
114,Aditi Iyer,aditi.iyer114@example.com,East,Premium,2024-05-28
4770,Priya Gupta,priya.gupta4770@example.com,South,Standard,2024-10-20
826,Rohan Malhotra,rohan.malhotra826@example.com,North,Premium,2022-09-25
2807,Meera Sharma,meera.sharma2807@example.com,East,Premium,2021-07-04
928,Yash Shah,yash.shah928@example.com,West,Premium,2022-02-16
2718,Rohan Nair,rohan.nair2718@example.com,East,Standard,2025-08-28
849,Kabir Singh,kabir.singh849@example.com,West,Standard,2025-03-09
985,Ananya Nair,ananya.nair985@example.com,North,Standard,2021-06-04
719,Rohan Nair,rohan.nair719@example.com,South,Standard,2025-09-29
3389,Sneha Shah,sneha.shah3389@example.com,North,Standard,2021-01-29
393,Karan Desai,karan.desai393@example.com,North,Standard,2023-01-25
4720,Karan Kapoor,karan.kapoor4720@example.com,West,Standard,2021-08-10
4843,Rahul Joshi,rahul.joshi4843@example.com,North,Standard,2024-06-03
447,Rahul Malhotra,rahul.malhotra447@example.com,North,Standard,2024-12-06
890,Yash Malhotra,yash.malhotra890@example.com,West,Premium,2021-10-14
4739,Vivaan Sharma,vivaan.sharma4739@example.com,East,Standard,2021-08-26
3899,Arjun Gupta,arjun.gupta3899@example.com,South,Standard,2023-07-19
2237,Priya Malhotra,priya.malhotra2237@example.com,West,Premium,2025-12-19
2603,Isha Malhotra,isha.malhotra2603@example.com,North,Standard,2024-06-14
2679,Isha Singh,isha.singh2679@example.com,North,Standard,2022-03-21
3567,Meera Joshi,meera.joshi3567@example.com,South,Standard,2021-07-23
892,Priya Desai,priya.desai892@example.com,East,Premium,2023-03-27
3950,Karan Gupta,karan.gupta3950@example.com,North,Standard,2021-07-07
4829,Vikram Malhotra,vikram.malhotra4829@example.com,North,Premium,2025-05-31
3194,Ananya Gupta,ananya.gupta3194@example.com,South,Premium,2021-05-21
2064,Sneha Gupta,sneha.gupta2064@example.com,South,Premium,2022-11-04
2981,Rohan Nair,rohan.nair2981@example.com,North,Standard,2025-10-25
4798,Rohan Mehta,rohan.mehta4798@example.com,East,Premium,2021-08-14
1669,Aarav Mehta,aarav.mehta1669@example.com,North,Standard,2025-06-06
3324,Rahul Kapoor,rahul.kapoor3324@example.com,East,Premium,2021-12-23
2168,Karan Sharma,karan.sharma2168@example.com,South,Standard,2023-12-14
4493,Arjun Reddy,arjun.reddy4493@example.com,North,Standard,2023-07-08
2487,Priya Desai,priya.desai2487@example.com,North,Standard,2023-10-29
4744,Rahul Kapoor,rahul.kapoor4744@example.com,North,Standard,2023-07-28
2839,Aarav Sharma,aarav.sharma2839@example.com,West,Standard,2023-05-24
1930,Arjun Joshi,arjun.joshi1930@example.com,West,Premium,2021-06-15
360,Ananya Kapoor,ananya.kapoor360@example.com,South,Premium,2021-09-16
2820,Karan Kapoor,karan.kapoor2820@example.com,East,Standard,2024-05-08
1382,Neha Singh,neha.singh1382@example.com,West,Standard,2021-07-23
738,Arjun Iyer,arjun.iyer738@example.com,South,Standard,2023-07-14
1782,Rahul Verma,rahul.verma1782@example.com,East,Standard,2023-03-28
1386,Isha Reddy,isha.reddy1386@example.com,North,Standard,2023-05-25
3206,Ananya Malhotra,ananya.malhotra3206@example.com,East,Standard,2021-11-09
4762,Aditi Patel,aditi.patel4762@example.com,North,Premium,2021-07-10
1179,Isha Patel,isha.patel1179@example.com,East,Premium,2024-02-14
573,Vivaan Kapoor,vivaan.kapoor573@example.com,East,Premium,2023-04-22
3473,Priya Iyer,priya.iyer3473@example.com,West,Premium,2022-08-13
1437,Pooja Singh,pooja.singh1437@example.com,East,Premium,2024-03-29
4706,Neha Gupta,neha.gupta4706@example.com,South,Standard,2022-04-05
459,Arjun Shah,arjun.shah459@example.com,East,Premium,2025-04-11
4072,Karan Kapoor,karan.kapoor4072@example.com,South,Standard,2025-09-27
2543,Sneha Nair,sneha.nair2543@example.com,North,Standard,2021-03-01
1643,Kabir Singh,kabir.singh1643@example.com,East,Standard,2022-12-20
4850,Aarav Mehta,aarav.mehta4850@example.com,South,Standard,2021-05-23
4107,Rohan Reddy,rohan.reddy4107@example.com,North,Premium,2025-03-09
3797,Neha Gupta,neha.gupta3797@example.com,West,Standard,2023-07-19
4235,Ananya Mehta,ananya.mehta4235@example.com,East,Standard,2025-01-17
2932,Ananya Nair,ananya.nair2932@example.com,North,Premium,2021-11-15
925,Kabir Nair,kabir.nair925@example.com,North,Premium,2022-07-12
344,Meera Malhotra,meera.malhotra344@example.com,West,Standard,2024-05-28
4330,Meera Verma,meera.verma4330@example.com,East,Premium,2025-03-27
1777,Neha Patel,neha.patel1777@example.com,East,Standard,2021-08-16
4199,Yash Malhotra,yash.malhotra4199@example.com,West,Standard,2021-04-04
2585,Rahul Verma,rahul.verma2585@example.com,North,Premium,2022-02-23
989,Yash Gupta,yash.gupta989@example.com,South,Standard,2022-08-16
657,Ananya Patel,ananya.patel657@example.com,North,Standard,2025-03-10
265,Isha Mehta,isha.mehta265@example.com,South,Standard,2023-12-27
4402,Rahul Desai,rahul.desai4402@example.com,East,Premium,2023-03-25
811,Vivaan Verma,vivaan.verma811@example.com,North,Standard,2021-06-09
2392,Ananya Kapoor,ananya.kapoor2392@example.com,West,Standard,2024-12-24
4436,Isha Singh,isha.singh4436@example.com,North,Standard,2021-02-12
4796,Ananya Mehta,ananya.mehta4796@example.com,West,Standard,2021-06-30
1696,Isha Iyer,isha.iyer1696@example.com,North,Premium,2023-06-12
814,Kavya Verma,kavya.verma814@example.com,North,Standard,2025-11-18
1023,Yash Reddy,yash.reddy1023@example.com,East,Premium,2022-11-14
674,Kabir Patel,kabir.patel674@example.com,North,Premium,2025-05-09
2730,Priya Shah,priya.shah2730@example.com,South,Premium,2021-07-30
2015,Rohan Singh,rohan.singh2015@example.com,South,Premium,2024-05-18
4763,Rohan Nair,rohan.nair4763@example.com,North,Premium,2025-05-02
2642,Aditi Joshi,aditi.joshi2642@example.com,West,Standard,2025-11-05
3681,Ananya Mehta,ananya.mehta3681@example.com,West,Premium,2023-08-19
4533,Meera Malhotra,meera.malhotra4533@example.com,East,Standard,2024-04-26
1969,Vivaan Shah,vivaan.shah1969@example.com,North,Standard,2023-08-04
1975,Meera Sharma,meera.sharma1975@example.com,North,Standard,2025-08-31
2768,Yash Patel,yash.patel2768@example.com,North,Standard,2023-08-06
3486,Kavya Desai,kavya.desai3486@example.com,North,Standard,2025-07-17
3097,Kavya Malhotra,kavya.malhotra3097@example.com,South,Standard,2024-05-24
3438,Aditi Desai,aditi.desai3438@example.com,South,Premium,2023-07-12
113,Arjun Nair,arjun.nair113@example.com,East,Premium,2023-10-31
94,Kabir Sharma,kabir.sharma94@example.com,South,Standard,2023-06-19
1919,Neha Desai,neha.desai1919@example.com,South,Standard,2023-02-03
885,Yash Verma,yash.verma885@example.com,West,Standard,2024-10-22
3435,Pooja Sharma,pooja.sharma3435@example.com,East,Premium,2022-11-07
2917,Arjun Desai,arjun.desai2917@example.com,West,Standard,2022-06-01
1349,Pooja Iyer,pooja.iyer1349@example.com,South,Standard,2021-06-16
1778,Kavya Malhotra,kavya.malhotra1778@example.com,South,Standard,2022-09-28
4972,Diya Mehta,diya.mehta4972@example.com,North,Standard,2024-02-19
2302,Diya Malhotra,diya.malhotra2302@example.com,East,Premium,2024-10-04
1069,Neha Patel,neha.patel1069@example.com,West,Standard,2021-02-07
3382,Priya Singh,priya.singh3382@example.com,South,Premium,2022-12-01
1074,Aditi Gupta,aditi.gupta1074@example.com,South,Premium,2021-11-14
3937,Aditya Singh,aditya.singh3937@example.com,North,Premium,2024-09-17
3676,Ananya Mishra,ananya.mishra3676@example.com,South,Standard,2021-11-12
3575,Kabir Mehta,kabir.mehta3575@example.com,South,Standard,2021-03-31
1240,Isha Shah,isha.shah1240@example.com,South,Standard,2024-06-04
3040,Yash Nair,yash.nair3040@example.com,West,Premium,2023-12-30
3333,Rahul Singh,rahul.singh3333@example.com,West,Premium,2023-01-24
1129,Kavya Joshi,kavya.joshi1129@example.com,West,Standard,2025-05-13
583,Diya Desai,diya.desai583@example.com,West,Premium,2025-07-31
4113,Vikram Nair,vikram.nair4113@example.com,South,Standard,2021-04-17
3203,Aditi Iyer,aditi.iyer3203@example.com,East,Premium,2024-12-27
4631,Neha Iyer,neha.iyer4631@example.com,North,Standard,2021-06-21
4331,Kabir Singh,kabir.singh4331@example.com,West,Premium,2025-08-29
315,Isha Patel,isha.patel315@example.com,South,Standard,2025-12-17
2225,Priya Mishra,priya.mishra2225@example.com,North,Standard,2021-04-20
2471,Diya Desai,diya.desai2471@example.com,East,Premium,2023-03-02
1822,Aditya Shah,aditya.shah1822@example.com,South,Premium,2022-10-15
3088,Arjun Iyer,arjun.iyer3088@example.com,East,Premium,2021-10-09
4573,Vivaan Singh,vivaan.singh4573@example.com,West,Premium,2025-04-04
516,Aditi Joshi,aditi.joshi516@example.com,North,Premium,2021-02-08
2946,Karan Gupta,karan.gupta2946@example.com,South,Standard,2021-08-16
2382,Yash Gupta,yash.gupta2382@example.com,East,Premium,2021-04-08
457,Rahul Verma,rahul.verma457@example.com,West,Premium,2021-08-16
4422,Aditi Kapoor,aditi.kapoor4422@example.com,North,Premium,2025-01-11
4472,Rohan Singh,rohan.singh4472@example.com,West,Premium,2024-06-13
1312,Priya Gupta,priya.gupta1312@example.com,West,Premium,2024-09-22
2444,Aditya Desai,aditya.desai2444@example.com,East,Premium,2023-12-14
4761,Sneha Desai,sneha.desai4761@example.com,North,Standard,2025-11-24
1708,Aditi Sharma,aditi.sharma1708@example.com,West,Standard,2022-06-04
2551,Aarav Shah,aarav.shah2551@example.com,North,Standard,2022-05-09
2443,Arjun Nair,arjun.nair2443@example.com,East,Premium,2021-04-01
1466,Priya Desai,priya.desai1466@example.com,East,Premium,2025-08-28
4291,Meera Reddy,meera.reddy4291@example.com,West,Premium,2025-07-20
1751,Rohan Patel,rohan.patel1751@example.com,West,Premium,2022-08-24
3111,Vikram Sharma,vikram.sharma3111@example.com,South,Premium,2022-10-09
2532,Yash Desai,yash.desai2532@example.com,West,Standard,2022-06-03
2390,Vivaan Nair,vivaan.nair2390@example.com,South,Standard,2023-01-02
1868,Vivaan Iyer,vivaan.iyer1868@example.com,East,Standard,2021-09-12
1199,Priya Verma,priya.verma1199@example.com,West,Standard,2023-03-03
4750,Ananya Mehta,ananya.mehta4750@example.com,West,Standard,2023-01-23
380,Neha Singh,neha.singh380@example.com,North,Standard,2021-06-11
184,Isha Kapoor,isha.kapoor184@example.com,South,Standard,2022-10-20
2846,Arjun Patel,arjun.patel2846@example.com,East,Standard,2022-09-20
3922,Meera Kapoor,meera.kapoor3922@example.com,West,Premium,2024-11-13
2894,Meera Shah,meera.shah2894@example.com,West,Premium,2025-01-28
18,Priya Kapoor,priya.kapoor18@example.com,West,Standard,2024-08-02
122,Vivaan Patel,vivaan.patel122@example.com,West,Standard,2023-11-17
1764,Kabir Sharma,kabir.sharma1764@example.com,South,Standard,2021-03-13
2130,Rohan Patel,rohan.patel2130@example.com,South,Standard,2023-01-12
2612,Diya Kapoor,diya.kapoor2612@example.com,North,Premium,2024-10-22
2330,Meera Shah,meera.shah2330@example.com,East,Standard,2025-04-12
763,Aditya Kapoor,aditya.kapoor763@example.com,South,Standard,2023-03-27
349,Ananya Malhotra,ananya.malhotra349@example.com,East,Premium,2021-08-21
2756,Aarav Reddy,aarav.reddy2756@example.com,South,Standard,2023-11-27
4173,Diya Mishra,diya.mishra4173@example.com,North,Standard,2025-05-07
3496,Karan Reddy,karan.reddy3496@example.com,West,Premium,2024-06-07
4847,Yash Reddy,yash.reddy4847@example.com,West,Premium,2021-09-09
1273,Rohan Iyer,rohan.iyer1273@example.com,North,Standard,2021-12-20
3749,Meera Patel,meera.patel3749@example.com,East,Standard,2024-12-24
3640,Aditya Desai,aditya.desai3640@example.com,East,Standard,2025-10-10
1507,Kabir Reddy,kabir.reddy1507@example.com,South,Standard,2023-11-08
402,Rahul Patel,rahul.patel402@example.com,South,Premium,2022-04-30
2427,Aditi Sharma,aditi.sharma2427@example.com,East,Standard,2023-08-16
3539,Sneha Mehta,sneha.mehta3539@example.com,North,Premium,2022-09-26
710,Diya Reddy,diya.reddy710@example.com,West,Standard,2025-04-25
3801,Isha Iyer,isha.iyer3801@example.com,North,Premium,2022-10-12
2525,Aditya Joshi,aditya.joshi2525@example.com,West,Standard,2021-09-20
3806,Sneha Malhotra,sneha.malhotra3806@example.com,South,Premium,2023-06-06
3712,Neha Mishra,neha.mishra3712@example.com,North,Premium,2023-11-28
136,Rohan Singh,rohan.singh136@example.com,South,Premium,2022-10-23
1005,Rahul Shah,rahul.shah1005@example.com,East,Premium,2022-05-29
3970,Vikram Malhotra,vikram.malhotra3970@example.com,East,Premium,2024-07-04
160,Yash Kapoor,yash.kapoor160@example.com,North,Premium,2024-04-27
4688,Kavya Mehta,kavya.mehta4688@example.com,South,Standard,2025-09-22
167,Kavya Sharma,kavya.sharma167@example.com,North,Premium,2021-04-04
264,Kavya Singh,kavya.singh264@example.com,South,Standard,2024-06-19
4858,Aarav Joshi,aarav.joshi4858@example.com,East,Standard,2023-09-17
820,Rahul Nair,rahul.nair820@example.com,West,Standard,2023-07-18
4116,Aditya Reddy,aditya.reddy4116@example.com,North,Premium,2023-06-20
4517,Isha Joshi,isha.joshi4517@example.com,West,Premium,2022-11-28
2014,Pooja Mehta,pooja.mehta2014@example.com,East,Standard,2025-02-12
4949,Priya Verma,priya.verma4949@example.com,South,Standard,2023-11-21
1016,Sneha Patel,sneha.patel1016@example.com,East,Premium,2023-08-14
2253,Arjun Singh,arjun.singh2253@example.com,West,Premium,2021-10-16
2016,Arjun Sharma,arjun.sharma2016@example.com,East,Standard,2025-11-05
3186,Pooja Verma,pooja.verma3186@example.com,South,Premium,2025-07-25
4845,Ananya Mishra,ananya.mishra4845@example.com,East,Premium,2025-04-12
1036,Kabir Joshi,kabir.joshi1036@example.com,West,Standard,2025-12-06
4548,Yash Joshi,yash.joshi4548@example.com,North,Premium,2023-03-17
4983,Neha Joshi,neha.joshi4983@example.com,South,Premium,2024-04-09
4611,Priya Sharma,priya.sharma4611@example.com,North,Standard,2023-10-11
1460,Pooja Mishra,pooja.mishra1460@example.com,West,Standard,2024-01-05
3991,Aarav Iyer,aarav.iyer3991@example.com,North,Standard,2021-10-02
4967,Karan Reddy,karan.reddy4967@example.com,East,Standard,2023-01-20
883,Vivaan Verma,vivaan.verma883@example.com,North,Premium,2023-01-13
1654,Sneha Singh,sneha.singh1654@example.com,North,Standard,2023-10-30
4421,Meera Nair,meera.nair4421@example.com,East,Premium,2021-09-21
2908,Arjun Verma,arjun.verma2908@example.com,East,Standard,2024-02-17
2852,Priya Nair,priya.nair2852@example.com,South,Premium,2024-05-18
4732,Neha Verma,neha.verma4732@example.com,North,Premium,2021-03-21
194,Rohan Reddy,rohan.reddy194@example.com,East,Standard,2023-11-30
3487,Meera Mehta,meera.mehta3487@example.com,South,Standard,2024-06-09
4071,Ananya Mehta,ananya.mehta4071@example.com,West,Standard,2024-04-30
4321,Ananya Desai,ananya.desai4321@example.com,West,Standard,2023-08-31
2587,Aarav Shah,aarav.shah2587@example.com,East,Premium,2023-05-04
1693,Kavya Singh,kavya.singh1693@example.com,North,Standard,2022-06-28
1893,Kavya Kapoor,kavya.kapoor1893@example.com,South,Premium,2024-04-10
2085,Aditi Mehta,aditi.mehta2085@example.com,West,Premium,2025-08-10
2439,Rahul Sharma,rahul.sharma2439@example.com,North,Premium,2021-02-08
2652,Meera Shah,meera.shah2652@example.com,West,Premium,2023-04-26
2980,Vikram Verma,vikram.verma2980@example.com,West,Premium,2024-12-16
4352,Rohan Desai,rohan.desai4352@example.com,South,Standard,2024-09-18
1816,Aditi Desai,aditi.desai1816@example.com,West,Standard,2021-12-21
4894,Meera Mishra,meera.mishra4894@example.com,East,Standard,2024-10-16
4707,Karan Kapoor,karan.kapoor4707@example.com,West,Premium,2022-05-20
3058,Karan Desai,karan.desai3058@example.com,East,Premium,2022-09-02
4358,Yash Reddy,yash.reddy4358@example.com,South,Standard,2022-10-12
4857,Aditi Shah,aditi.shah4857@example.com,East,Standard,2021-09-07
1500,Kavya Malhotra,kavya.malhotra1500@example.com,West,Standard,2025-08-04
1935,Priya Nair,priya.nair1935@example.com,South,Standard,2021-03-28
2822,Yash Reddy,yash.reddy2822@example.com,North,Standard,2023-06-25
759,Karan Reddy,karan.reddy759@example.com,West,Premium,2022-02-18
4759,Sneha Singh,sneha.singh4759@example.com,East,Premium,2021-08-12
1431,Pooja Reddy,pooja.reddy1431@example.com,South,Premium,2021-04-14
3677,Neha Gupta,neha.gupta3677@example.com,South,Premium,2021-07-25
3293,Isha Shah,isha.shah3293@example.com,West,Premium,2024-10-27
843,Rohan Sharma,rohan.sharma843@example.com,South,Standard,2024-08-30
1124,Aditi Joshi,aditi.joshi1124@example.com,South,Standard,2022-10-20
2452,Yash Malhotra,yash.malhotra2452@example.com,North,Premium,2024-08-28
4443,Kavya Gupta,kavya.gupta4443@example.com,North,Premium,2023-05-06
1182,Kabir Mishra,kabir.mishra1182@example.com,North,Standard,2025-06-02
1191,Aditi Mehta,aditi.mehta1191@example.com,East,Premium,2021-01-19
2686,Yash Kapoor,yash.kapoor2686@example.com,North,Standard,2022-08-06
435,Meera Malhotra,meera.malhotra435@example.com,West,Premium,2025-10-09
1294,Neha Joshi,neha.joshi1294@example.com,East,Premium,2025-07-15
902,Arjun Shah,arjun.shah902@example.com,South,Standard,2024-08-20
1983,Karan Reddy,karan.reddy1983@example.com,South,Premium,2025-02-17
1564,Ananya Nair,ananya.nair1564@example.com,East,Premium,2021-12-26
3514,Pooja Iyer,pooja.iyer3514@example.com,West,Standard,2023-11-22
2413,Ananya Patel,ananya.patel2413@example.com,West,Premium,2022-01-14
2123,Rohan Joshi,rohan.joshi2123@example.com,East,Premium,2021-01-14
2461,Karan Verma,karan.verma2461@example.com,South,Standard,2025-03-24
4591,Karan Shah,karan.shah4591@example.com,East,Premium,2022-06-20
3599,Priya Reddy,priya.reddy3599@example.com,South,Premium,2024-09-29
2556,Arjun Joshi,arjun.joshi2556@example.com,East,Premium,2023-04-11
1815,Neha Mishra,neha.mishra1815@example.com,East,Premium,2024-08-01
2574,Yash Shah,yash.shah2574@example.com,South,Premium,2021-10-01
3695,Aditi Mehta,aditi.mehta3695@example.com,West,Standard,2023-05-02
3028,Sneha Mishra,sneha.mishra3028@example.com,West,Premium,2025-04-10
2555,Rahul Malhotra,rahul.malhotra2555@example.com,North,Standard,2023-12-18
4036,Priya Patel,priya.patel4036@example.com,North,Premium,2025-08-25
287,Sneha Mishra,sneha.mishra287@example.com,South,Premium,2021-12-03
1967,Ananya Iyer,ananya.iyer1967@example.com,West,Premium,2024-10-25
2484,Vikram Reddy,vikram.reddy2484@example.com,West,Premium,2023-11-12
3964,Meera Nair,meera.nair3964@example.com,North,Standard,2021-09-28
922,Neha Verma,neha.verma922@example.com,West,Premium,2024-02-19
3798,Meera Malhotra,meera.malhotra3798@example.com,East,Premium,2023-03-22
3680,Karan Iyer,karan.iyer3680@example.com,North,Premium,2024-03-30
805,Aditya Sharma,aditya.sharma805@example.com,West,Standard,2024-12-05
3661,Aditya Desai,aditya.desai3661@example.com,North,Premium,2023-08-25
2960,Vivaan Singh,vivaan.singh2960@example.com,West,Premium,2025-04-24
4435,Rohan Nair,rohan.nair4435@example.com,West,Standard,2025-12-31
17,Diya Joshi,diya.joshi17@example.com,West,Standard,2021-06-14
1351,Sneha Mehta,sneha.mehta1351@example.com,East,Premium,2022-01-01
2455,Sneha Verma,sneha.verma2455@example.com,South,Premium,2025-09-06
3157,Aarav Nair,aarav.nair3157@example.com,North,Standard,2023-08-07
658,Sneha Verma,sneha.verma658@example.com,West,Premium,2022-05-22
298,Meera Shah,meera.shah298@example.com,South,Standard,2022-01-22
2078,Arjun Sharma,arjun.sharma2078@example.com,West,Premium,2022-05-08
2782,Vikram Patel,vikram.patel2782@example.com,North,Premium,2023-07-04
4512,Pooja Malhotra,pooja.malhotra4512@example.com,North,Premium,2025-02-25
2701,Vivaan Verma,vivaan.verma2701@example.com,West,Premium,2024-01-11
1086,Vikram Nair,vikram.nair1086@example.com,North,Premium,2023-10-29
4676,Yash Gupta,yash.gupta4676@example.com,East,Standard,2022-05-01
426,Yash Mishra,yash.mishra426@example.com,South,Premium,2023-04-27
409,Yash Singh,yash.singh409@example.com,North,Premium,2024-07-06
2449,Isha Desai,isha.desai2449@example.com,West,Premium,2022-12-07
3140,Diya Nair,diya.nair3140@example.com,East,Standard,2023-04-17
651,Rohan Singh,rohan.singh651@example.com,West,Premium,2025-03-26
4905,Sneha Joshi,sneha.joshi4905@example.com,South,Premium,2022-09-08
4961,Rohan Nair,rohan.nair4961@example.com,West,Premium,2024-02-26
1229,Isha Verma,isha.verma1229@example.com,South,Standard,2022-05-13
3491,Karan Gupta,karan.gupta3491@example.com,East,Premium,2023-07-11
3166,Priya Patel,priya.patel3166@example.com,South,Premium,2022-07-04
3443,Diya Malhotra,diya.malhotra3443@example.com,North,Premium,2022-01-21
628,Kavya Reddy,kavya.reddy628@example.com,South,Standard,2022-03-04
2827,Ananya Singh,ananya.singh2827@example.com,North,Premium,2022-01-25
4211,Arjun Reddy,arjun.reddy4211@example.com,West,Premium,2024-11-25
3788,Pooja Reddy,pooja.reddy3788@example.com,South,Standard,2022-05-06
780,Sneha Shah,sneha.shah780@example.com,East,Standard,2023-08-13
1120,Sneha Malhotra,sneha.malhotra1120@example.com,East,Standard,2022-06-20
146,Priya Desai,priya.desai146@example.com,West,Standard,2021-07-21
2538,Aditi Nair,aditi.nair2538@example.com,East,Premium,2023-01-30
3552,Ananya Verma,ananya.verma3552@example.com,North,Premium,2025-02-27
2698,Rohan Sharma,rohan.sharma2698@example.com,East,Standard,2022-08-28
896,Rohan Gupta,rohan.gupta896@example.com,East,Premium,2023-02-17
996,Kavya Iyer,kavya.iyer996@example.com,South,Standard,2024-02-02
1780,Ananya Singh,ananya.singh1780@example.com,West,Standard,2023-08-02
2573,Kabir Reddy,kabir.reddy2573@example.com,East,Premium,2021-10-14
4496,Sneha Joshi,sneha.joshi4496@example.com,South,Premium,2023-12-10
2219,Vivaan Iyer,vivaan.iyer2219@example.com,North,Premium,2025-04-15
3123,Aarav Verma,aarav.verma3123@example.com,South,Premium,2021-05-20
983,Rohan Sharma,rohan.sharma983@example.com,South,Standard,2023-02-04
4646,Vivaan Kapoor,vivaan.kapoor4646@example.com,West,Standard,2021-02-02
2753,Aarav Desai,aarav.desai2753@example.com,West,Premium,2021-02-04
455,Neha Reddy,neha.reddy455@example.com,East,Standard,2021-02-05
1941,Neha Iyer,neha.iyer1941@example.com,West,Premium,2021-08-08
4927,Arjun Desai,arjun.desai4927@example.com,South,Premium,2022-01-29
3953,Pooja Desai,pooja.desai3953@example.com,East,Standard,2022-07-02
4476,Diya Patel,diya.patel4476@example.com,East,Standard,2023-07-30
1037,Kavya Gupta,kavya.gupta1037@example.com,South,Standard,2024-11-01
1904,Aditya Malhotra,aditya.malhotra1904@example.com,North,Premium,2023-04-11
1357,Diya Verma,diya.verma1357@example.com,West,Premium,2024-07-28
3009,Aarav Reddy,aarav.reddy3009@example.com,South,Premium,2023-10-21
979,Isha Malhotra,isha.malhotra979@example.com,East,Premium,2023-12-18
560,Vivaan Gupta,vivaan.gupta560@example.com,South,Standard,2022-07-10
1239,Vivaan Mishra,vivaan.mishra1239@example.com,North,Standard,2024-01-18
4743,Kavya Malhotra,kavya.malhotra4743@example.com,North,Premium,2025-10-08
1791,Ananya Sharma,ananya.sharma1791@example.com,South,Premium,2025-03-21
520,Diya Mishra,diya.mishra520@example.com,North,Standard,2021-11-29
4109,Kavya Gupta,kavya.gupta4109@example.com,West,Standard,2023-02-26
3468,Rohan Nair,rohan.nair3468@example.com,North,Standard,2021-04-20
3697,Arjun Verma,arjun.verma3697@example.com,South,Premium,2022-11-29
4058,Pooja Nair,pooja.nair4058@example.com,West,Standard,2021-03-02
2728,Karan Nair,karan.nair2728@example.com,West,Standard,2022-04-13
2271,Priya Desai,priya.desai2271@example.com,West,Standard,2022-01-16
2940,Kavya Malhotra,kavya.malhotra2940@example.com,West,Premium,2025-05-01
887,Pooja Singh,pooja.singh887@example.com,South,Premium,2021-06-18
1053,Karan Mehta,karan.mehta1053@example.com,West,Premium,2025-02-23
2904,Diya Shah,diya.shah2904@example.com,East,Premium,2021-07-07
4525,Aarav Singh,aarav.singh4525@example.com,West,Standard,2025-04-09
610,Karan Patel,karan.patel610@example.com,South,Premium,2022-01-19
1338,Isha Joshi,isha.joshi1338@example.com,West,Premium,2021-02-23
1116,Aditya Shah,aditya.shah1116@example.com,North,Standard,2025-11-04
4588,Diya Sharma,diya.sharma4588@example.com,East,Standard,2023-03-06
2729,Aditya Reddy,aditya.reddy2729@example.com,South,Premium,2024-11-04
4128,Diya Mehta,diya.mehta4128@example.com,South,Standard,2022-09-09
1735,Karan Joshi,karan.joshi1735@example.com,South,Premium,2021-12-09
4508,Isha Singh,isha.singh4508@example.com,West,Standard,2023-09-19
3135,Aditya Shah,aditya.shah3135@example.com,East,Premium,2025-01-16
706,Aditi Kapoor,aditi.kapoor706@example.com,South,Standard,2021-08-08
2628,Rohan Singh,rohan.singh2628@example.com,North,Standard,2022-11-12
2787,Pooja Verma,pooja.verma2787@example.com,East,Standard,2022-11-17
1662,Isha Iyer,isha.iyer1662@example.com,South,Standard,2022-10-19
2828,Pooja Reddy,pooja.reddy2828@example.com,South,Standard,2022-10-06
1333,Kabir Verma,kabir.verma1333@example.com,East,Standard,2025-02-14
3877,Aditi Kapoor,aditi.kapoor3877@example.com,South,Standard,2023-02-10
3619,Karan Iyer,karan.iyer3619@example.com,West,Standard,2021-08-22
2806,Kavya Gupta,kavya.gupta2806@example.com,South,Premium,2025-01-29
3360,Meera Reddy,meera.reddy3360@example.com,South,Standard,2025-06-22
2425,Yash Iyer,yash.iyer2425@example.com,North,Standard,2024-10-10
663,Aditi Mehta,aditi.mehta663@example.com,East,Premium,2022-06-02
4840,Rohan Reddy,rohan.reddy4840@example.com,West,Standard,2021-06-01
1368,Meera Kapoor,meera.kapoor1368@example.com,West,Standard,2023-12-31
2300,Neha Mishra,neha.mishra2300@example.com,West,Premium,2025-06-08
112,Priya Reddy,priya.reddy112@example.com,North,Premium,2025-04-24
1736,Rahul Malhotra,rahul.malhotra1736@example.com,East,Premium,2024-08-18
1593,Pooja Sharma,pooja.sharma1593@example.com,West,Standard,2025-06-19
166,Isha Patel,isha.patel166@example.com,North,Premium,2022-06-14
2177,Rahul Desai,rahul.desai2177@example.com,South,Standard,2023-02-06
1999,Diya Joshi,diya.joshi1999@example.com,South,Standard,2021-02-20
2781,Aditi Patel,aditi.patel2781@example.com,East,Standard,2021-06-25
2673,Arjun Iyer,arjun.iyer2673@example.com,South,Standard,2022-10-01
2058,Ananya Joshi,ananya.joshi2058@example.com,South,Standard,2022-12-15
518,Aditi Patel,aditi.patel518@example.com,West,Standard,2022-10-16
4423,Aditya Singh,aditya.singh4423@example.com,North,Premium,2021-02-16
3644,Ananya Malhotra,ananya.malhotra3644@example.com,North,Premium,2025-02-25
4797,Rahul Desai,rahul.desai4797@example.com,South,Premium,2022-11-09
4095,Sneha Verma,sneha.verma4095@example.com,West,Premium,2025-06-22
2144,Diya Malhotra,diya.malhotra2144@example.com,South,Premium,2024-08-04
4749,Isha Verma,isha.verma4749@example.com,North,Premium,2023-07-10
832,Kavya Verma,kavya.verma832@example.com,West,Premium,2024-12-14
1606,Vikram Gupta,vikram.gupta1606@example.com,East,Premium,2024-03-28
941,Arjun Nair,arjun.nair941@example.com,South,Standard,2022-10-30
1186,Vikram Joshi,vikram.joshi1186@example.com,North,Standard,2024-10-05
3810,Aditi Desai,aditi.desai3810@example.com,East,Standard,2024-06-05
1089,Diya Kapoor,diya.kapoor1089@example.com,North,Standard,2022-12-22
2794,Meera Kapoor,meera.kapoor2794@example.com,South,Standard,2024-06-12
4463,Kavya Patel,kavya.patel4463@example.com,South,Standard,2021-08-30
4655,Rahul Singh,rahul.singh4655@example.com,North,Premium,2023-02-04
624,Rohan Desai,rohan.desai624@example.com,West,Standard,2024-05-06
3321,Rohan Kapoor,rohan.kapoor3321@example.com,West,Standard,2022-01-16
2625,Aditi Malhotra,aditi.malhotra2625@example.com,South,Premium,2023-09-30
3520,Yash Mehta,yash.mehta3520@example.com,South,Standard,2025-09-21
462,Meera Kapoor,meera.kapoor462@example.com,North,Standard,2021-01-20
704,Aditi Mehta,aditi.mehta704@example.com,South,Standard,2024-02-25
4164,Neha Malhotra,neha.malhotra4164@example.com,West,Standard,2024-11-03
3197,Aditi Verma,aditi.verma3197@example.com,West,Standard,2021-12-09
9,Aditya Kapoor,aditya.kapoor9@example.com,North,Premium,2022-08-22
1694,Vivaan Singh,vivaan.singh1694@example.com,South,Standard,2021-12-11
691,Meera Kapoor,meera.kapoor691@example.com,West,Premium,2024-03-18
3305,Arjun Singh,arjun.singh3305@example.com,East,Premium,2025-04-06
4606,Meera Desai,meera.desai4606@example.com,South,Standard,2021-07-29
4793,Rahul Singh,rahul.singh4793@example.com,North,Standard,2022-06-23
427,Priya Iyer,priya.iyer427@example.com,North,Standard,2025-11-08
3001,Arjun Nair,arjun.nair3001@example.com,South,Premium,2025-07-19
1811,Kavya Reddy,kavya.reddy1811@example.com,East,Standard,2021-12-06
2739,Pooja Mehta,pooja.mehta2739@example.com,South,Premium,2025-07-08
142,Vivaan Kapoor,vivaan.kapoor142@example.com,East,Standard,2024-05-07
4324,Sneha Mehta,sneha.mehta4324@example.com,East,Standard,2022-08-16
478,Kavya Singh,kavya.singh478@example.com,North,Premium,2025-03-17
4569,Isha Mishra,isha.mishra4569@example.com,North,Standard,2025-11-11
1393,Rohan Reddy,rohan.reddy1393@example.com,South,Premium,2021-10-27
4356,Ananya Iyer,ananya.iyer4356@example.com,South,Standard,2023-09-30
3314,Rohan Kapoor,rohan.kapoor3314@example.com,East,Standard,2023-02-08
19,Meera Patel,meera.patel19@example.com,North,Standard,2023-11-22
2885,Karan Reddy,karan.reddy2885@example.com,East,Standard,2023-09-27
571,Ananya Kapoor,ananya.kapoor571@example.com,North,Premium,2025-02-05
1931,Meera Malhotra,meera.malhotra1931@example.com,East,Premium,2025-06-18
3875,Sneha Verma,sneha.verma3875@example.com,South,Standard,2025-08-17
2072,Vikram Joshi,vikram.joshi2072@example.com,East,Standard,2025-08-24
4813,Yash Shah,yash.shah4813@example.com,South,Standard,2025-06-03
1495,Ananya Mishra,ananya.mishra1495@example.com,North,Premium,2021-07-23
548,Meera Sharma,meera.sharma548@example.com,North,Premium,2023-06-23
2319,Meera Sharma,meera.sharma2319@example.com,West,Premium,2024-11-11
4438,Rohan Mishra,rohan.mishra4438@example.com,East,Premium,2025-11-26
2047,Karan Patel,karan.patel2047@example.com,East,Standard,2021-06-18
3318,Priya Malhotra,priya.malhotra3318@example.com,South,Premium,2023-03-23
2674,Yash Reddy,yash.reddy2674@example.com,South,Standard,2024-09-04
2798,Aditya Reddy,aditya.reddy2798@example.com,North,Premium,2022-03-14
3422,Aditi Patel,aditi.patel3422@example.com,South,Premium,2023-11-30
3893,Meera Sharma,meera.sharma3893@example.com,North,Standard,2025-08-01
3826,Arjun Iyer,arjun.iyer3826@example.com,West,Premium,2023-09-06
4941,Aditya Gupta,aditya.gupta4941@example.com,West,Premium,2025-02-05
2485,Arjun Patel,arjun.patel2485@example.com,East,Standard,2025-12-10
3195,Yash Mehta,yash.mehta3195@example.com,West,Premium,2024-08-06
2350,Rohan Patel,rohan.patel2350@example.com,North,Premium,2023-06-21
3339,Priya Reddy,priya.reddy3339@example.com,South,Premium,2023-04-24
4329,Pooja Malhotra,pooja.malhotra4329@example.com,West,Premium,2021-06-27
1243,Arjun Mehta,arjun.mehta1243@example.com,North,Standard,2022-12-21
786,Isha Shah,isha.shah786@example.com,South,Premium,2022-07-22
4362,Aditya Gupta,aditya.gupta4362@example.com,East,Premium,2025-10-03
620,Yash Gupta,yash.gupta620@example.com,South,Standard,2022-08-29
1247,Vivaan Nair,vivaan.nair1247@example.com,South,Standard,2023-03-02
1839,Arjun Gupta,arjun.gupta1839@example.com,West,Premium,2023-12-18
216,Aarav Shah,aarav.shah216@example.com,East,Premium,2023-03-04
1629,Kavya Verma,kavya.verma1629@example.com,East,Premium,2025-04-12
4787,Aditi Nair,aditi.nair4787@example.com,North,Premium,2024-04-17
4359,Aditya Sharma,aditya.sharma4359@example.com,East,Premium,2021-03-23
3279,Vivaan Nair,vivaan.nair3279@example.com,West,Standard,2024-07-11
711,Neha Nair,neha.nair711@example.com,West,Standard,2024-12-08
4474,Diya Patel,diya.patel4474@example.com,South,Standard,2021-06-21
2312,Yash Patel,yash.patel2312@example.com,South,Premium,2024-01-04
1477,Ananya Verma,ananya.verma1477@example.com,North,Standard,2024-12-01
3291,Isha Reddy,isha.reddy3291@example.com,South,Premium,2022-05-16
4202,Aditya Mishra,aditya.mishra4202@example.com,West,Premium,2023-07-18
797,Pooja Kapoor,pooja.kapoor797@example.com,North,Standard,2024-09-26
2502,Kabir Patel,kabir.patel2502@example.com,North,Premium,2024-12-07
2531,Aarav Mehta,aarav.mehta2531@example.com,West,Standard,2023-12-08
365,Neha Nair,neha.nair365@example.com,East,Premium,2023-02-01
4051,Rohan Reddy,rohan.reddy4051@example.com,East,Premium,2025-04-29
3014,Aarav Shah,aarav.shah3014@example.com,West,Standard,2023-12-09
2097,Aditya Singh,aditya.singh2097@example.com,North,Standard,2023-07-22
4357,Neha Shah,neha.shah4357@example.com,North,Standard,2025-10-26
3298,Kavya Mehta,kavya.mehta3298@example.com,East,Premium,2022-06-07
1551,Arjun Mishra,arjun.mishra1551@example.com,North,Premium,2025-02-26
4590,Neha Sharma,neha.sharma4590@example.com,North,Premium,2022-05-16
821,Vivaan Joshi,vivaan.joshi821@example.com,East,Standard,2021-11-04
2606,Kabir Mishra,kabir.mishra2606@example.com,North,Standard,2022-04-05
4117,Ananya Gupta,ananya.gupta4117@example.com,West,Standard,2022-07-10
2125,Aditya Kapoor,aditya.kapoor2125@example.com,East,Premium,2023-10-26
309,Vivaan Mehta,vivaan.mehta309@example.com,South,Premium,2023-04-02
3704,Aditya Mishra,aditya.mishra3704@example.com,West,Standard,2025-05-04
353,Yash Shah,yash.shah353@example.com,North,Standard,2021-01-17
4962,Priya Gupta,priya.gupta4962@example.com,East,Standard,2025-02-23
1176,Pooja Gupta,pooja.gupta1176@example.com,West,Standard,2024-04-26
3578,Aditi Nair,aditi.nair3578@example.com,South,Premium,2021-11-05
1496,Aarav Mishra,aarav.mishra1496@example.com,West,Premium,2022-04-23
1658,Sneha Shah,sneha.shah1658@example.com,North,Standard,2021-01-03
3753,Diya Iyer,diya.iyer3753@example.com,East,Premium,2022-02-25
2877,Neha Gupta,neha.gupta2877@example.com,West,Standard,2021-05-03
3557,Rohan Reddy,rohan.reddy3557@example.com,East,Premium,2021-03-31
1494,Rahul Mishra,rahul.mishra1494@example.com,West,Standard,2023-07-28
900,Aditya Kapoor,aditya.kapoor900@example.com,North,Premium,2024-07-29
277,Diya Patel,diya.patel277@example.com,North,Standard,2024-09-18
751,Rohan Gupta,rohan.gupta751@example.com,East,Standard,2025-10-09
2099,Ananya Mishra,ananya.mishra2099@example.com,West,Standard,2022-10-14
4112,Meera Singh,meera.singh4112@example.com,South,Premium,2022-02-20
3090,Rohan Nair,rohan.nair3090@example.com,North,Premium,2021-08-05
307,Kabir Joshi,kabir.joshi307@example.com,West,Standard,2023-04-13
1092,Arjun Desai,arjun.desai1092@example.com,East,Premium,2023-07-15
4973,Yash Joshi,yash.joshi4973@example.com,East,Premium,2021-07-05
3659,Kabir Nair,kabir.nair3659@example.com,East,Premium,2022-03-17
2274,Ananya Mehta,ananya.mehta2274@example.com,North,Premium,2022-12-30
591,Diya Desai,diya.desai591@example.com,North,Standard,2022-06-17
3125,Kabir Sharma,kabir.sharma3125@example.com,West,Standard,2024-02-13
1390,Sneha Gupta,sneha.gupta1390@example.com,North,Standard,2021-07-28
4856,Rohan Patel,rohan.patel4856@example.com,North,Premium,2025-08-28
2616,Rahul Mehta,rahul.mehta2616@example.com,South,Standard,2023-02-02
3861,Aditya Kapoor,aditya.kapoor3861@example.com,East,Premium,2021-02-14
3687,Aditya Gupta,aditya.gupta3687@example.com,West,Premium,2021-07-08
552,Ananya Patel,ananya.patel552@example.com,North,Standard,2021-04-14
1864,Kabir Mishra,kabir.mishra1864@example.com,West,Standard,2023-10-14
2416,Aarav Verma,aarav.verma2416@example.com,West,Premium,2022-12-26
189,Vikram Mishra,vikram.mishra189@example.com,South,Standard,2022-07-28
2716,Meera Mishra,meera.mishra2716@example.com,South,Premium,2024-06-11
1988,Pooja Kapoor,pooja.kapoor1988@example.com,South,Standard,2023-10-19
675,Isha Mishra,isha.mishra675@example.com,West,Premium,2021-06-29
1673,Karan Verma,karan.verma1673@example.com,South,Standard,2022-02-13
2490,Neha Gupta,neha.gupta2490@example.com,North,Standard,2025-05-21
3469,Priya Joshi,priya.joshi3469@example.com,West,Standard,2024-03-04
1803,Neha Shah,neha.shah1803@example.com,West,Standard,2022-01-04
1157,Aarav Shah,aarav.shah1157@example.com,South,Premium,2025-07-19
2363,Karan Sharma,karan.sharma2363@example.com,West,Standard,2025-04-20
28,Kavya Gupta,kavya.gupta28@example.com,South,Premium,2022-05-23
356,Rahul Singh,rahul.singh356@example.com,North,Premium,2024-03-25
954,Diya Shah,diya.shah954@example.com,South,Premium,2022-04-30
2579,Kavya Shah,kavya.shah2579@example.com,East,Premium,2024-12-11
1671,Priya Kapoor,priya.kapoor1671@example.com,South,Premium,2025-09-10
1560,Aditi Desai,aditi.desai1560@example.com,East,Premium,2023-10-02
4704,Vivaan Patel,vivaan.patel4704@example.com,North,Premium,2024-05-17
4889,Rahul Sharma,rahul.sharma4889@example.com,West,Premium,2022-11-11
3368,Pooja Gupta,pooja.gupta3368@example.com,South,Standard,2025-01-08
3713,Kabir Mishra,kabir.mishra3713@example.com,East,Premium,2021-02-14
388,Rohan Kapoor,rohan.kapoor388@example.com,South,Premium,2025-09-30
931,Neha Iyer,neha.iyer931@example.com,East,Premium,2023-02-05
3412,Diya Kapoor,diya.kapoor3412@example.com,North,Standard,2022-09-11
2512,Ananya Mehta,ananya.mehta2512@example.com,South,Standard,2025-06-10
2541,Aditi Malhotra,aditi.malhotra2541@example.com,East,Premium,2024-12-19
831,Sneha Reddy,sneha.reddy831@example.com,East,Premium,2024-09-25
1467,Kavya Iyer,kavya.iyer1467@example.com,South,Standard,2022-09-21
2050,Yash Mehta,yash.mehta2050@example.com,South,Premium,2024-12-08
2737,Kavya Verma,kavya.verma2737@example.com,North,Premium,2024-05-18
1417,Ananya Mishra,ananya.mishra1417@example.com,South,Premium,2023-10-14
1290,Rohan Shah,rohan.shah1290@example.com,North,Premium,2022-12-12
2397,Ananya Mehta,ananya.mehta2397@example.com,North,Standard,2023-07-04
776,Aarav Singh,aarav.singh776@example.com,South,Premium,2024-11-20
2777,Aditya Shah,aditya.shah2777@example.com,East,Premium,2025-01-15
4740,Aarav Sharma,aarav.sharma4740@example.com,West,Standard,2025-02-09
4837,Isha Mehta,isha.mehta4837@example.com,West,Standard,2025-12-11
1841,Diya Shah,diya.shah1841@example.com,West,Premium,2025-08-25
152,Aditi Nair,aditi.nair152@example.com,South,Premium,2023-07-14
762,Aditya Nair,aditya.nair762@example.com,North,Standard,2021-02-11
3112,Ananya Singh,ananya.singh3112@example.com,North,Premium,2022-12-02
3500,Kabir Mishra,kabir.mishra3500@example.com,West,Premium,2025-02-08
36,Aditya Desai,aditya.desai36@example.com,North,Standard,2024-05-01
4431,Pooja Mishra,pooja.mishra4431@example.com,West,Premium,2023-06-03
1932,Kabir Kapoor,kabir.kapoor1932@example.com,West,Premium,2021-04-20
3743,Arjun Shah,arjun.shah3743@example.com,South,Premium,2023-04-19
984,Sneha Reddy,sneha.reddy984@example.com,East,Standard,2022-09-02
2818,Rahul Patel,rahul.patel2818@example.com,North,Standard,2024-03-16
1042,Sneha Iyer,sneha.iyer1042@example.com,West,Premium,2021-04-22
2332,Priya Sharma,priya.sharma2332@example.com,West,Premium,2022-08-27
303,Pooja Joshi,pooja.joshi303@example.com,South,Premium,2021-02-22
4934,Vikram Mehta,vikram.mehta4934@example.com,East,Premium,2023-08-28
396,Arjun Singh,arjun.singh396@example.com,West,Standard,2023-09-29
2823,Karan Patel,karan.patel2823@example.com,West,Premium,2023-01-30
2157,Diya Shah,diya.shah2157@example.com,South,Standard,2021-04-02
1011,Karan Joshi,karan.joshi1011@example.com,West,Standard,2022-04-09
366,Karan Kapoor,karan.kapoor366@example.com,North,Premium,2025-03-21
1306,Arjun Patel,arjun.patel1306@example.com,East,Standard,2025-03-30
2915,Kavya Gupta,kavya.gupta2915@example.com,North,Standard,2025-08-04
2546,Neha Verma,neha.verma2546@example.com,West,Premium,2023-09-03
757,Yash Patel,yash.patel757@example.com,West,Premium,2023-10-26
159,Kavya Mishra,kavya.mishra159@example.com,South,Premium,2025-03-31
2970,Meera Mehta,meera.mehta2970@example.com,South,Premium,2025-07-14
3472,Vikram Mehta,vikram.mehta3472@example.com,North,Standard,2021-06-10
4464,Isha Gupta,isha.gupta4464@example.com,South,Standard,2022-10-17
4373,Aditya Patel,aditya.patel4373@example.com,West,Standard,2024-02-05
3222,Ananya Iyer,ananya.iyer3222@example.com,East,Standard,2025-11-24
875,Aarav Nair,aarav.nair875@example.com,West,Premium,2023-04-29
2847,Rohan Mehta,rohan.mehta2847@example.com,North,Premium,2024-02-27
4650,Arjun Nair,arjun.nair4650@example.com,East,Standard,2025-12-03
1946,Isha Singh,isha.singh1946@example.com,West,Standard,2024-03-17
1065,Pooja Joshi,pooja.joshi1065@example.com,North,Premium,2022-07-19
4162,Diya Mehta,diya.mehta4162@example.com,West,Premium,2023-03-22
1066,Ananya Reddy,ananya.reddy1066@example.com,South,Premium,2025-03-08
2073,Aditi Mishra,aditi.mishra2073@example.com,East,Standard,2021-02-11
4878,Ananya Iyer,ananya.iyer4878@example.com,East,Standard,2022-07-29
3566,Aditi Iyer,aditi.iyer3566@example.com,North,Premium,2021-10-03
2658,Yash Reddy,yash.reddy2658@example.com,West,Standard,2022-07-06
2741,Isha Kapoor,isha.kapoor2741@example.com,North,Premium,2023-06-24
3395,Vikram Mishra,vikram.mishra3395@example.com,West,Standard,2025-04-05
3030,Neha Iyer,neha.iyer3030@example.com,East,Premium,2023-11-22
4004,Kabir Patel,kabir.patel4004@example.com,East,Standard,2021-10-05
2420,Neha Mishra,neha.mishra2420@example.com,North,Premium,2022-01-30
1753,Vikram Iyer,vikram.iyer1753@example.com,North,Premium,2021-03-09
4846,Meera Sharma,meera.sharma4846@example.com,East,Premium,2022-07-16
4217,Priya Iyer,priya.iyer4217@example.com,West,Standard,2024-07-25
456,Arjun Malhotra,arjun.malhotra456@example.com,North,Premium,2023-02-02
2856,Aditi Kapoor,aditi.kapoor2856@example.com,West,Premium,2025-11-18
1058,Aditi Kapoor,aditi.kapoor1058@example.com,East,Standard,2021-12-01
4439,Karan Reddy,karan.reddy4439@example.com,North,Standard,2021-02-26
2967,Diya Sharma,diya.sharma2967@example.com,South,Premium,2025-10-22
1592,Rahul Malhotra,rahul.malhotra1592@example.com,South,Premium,2022-07-06
1332,Isha Desai,isha.desai1332@example.com,North,Premium,2023-08-29
4602,Rohan Malhotra,rohan.malhotra4602@example.com,South,Premium,2022-04-04
1877,Karan Kapoor,karan.kapoor1877@example.com,East,Standard,2023-05-18
2248,Diya Iyer,diya.iyer2248@example.com,East,Standard,2022-06-01
4886,Vikram Joshi,vikram.joshi4886@example.com,East,Standard,2024-04-12
4370,Arjun Sharma,arjun.sharma4370@example.com,East,Standard,2022-09-04
4317,Arjun Joshi,arjun.joshi4317@example.com,North,Standard,2022-07-21
3033,Ananya Iyer,ananya.iyer3033@example.com,East,Standard,2024-09-05
255,Yash Gupta,yash.gupta255@example.com,South,Premium,2021-04-27
1553,Pooja Verma,pooja.verma1553@example.com,East,Premium,2025-01-17
103,Aarav Malhotra,aarav.malhotra103@example.com,West,Standard,2022-06-16
3910,Isha Verma,isha.verma3910@example.com,West,Premium,2024-04-09
3322,Kavya Iyer,kavya.iyer3322@example.com,South,Standard,2025-01-27
387,Rahul Malhotra,rahul.malhotra387@example.com,West,Standard,2023-11-05
493,Yash Iyer,yash.iyer493@example.com,South,Premium,2022-08-25
2280,Arjun Joshi,arjun.joshi2280@example.com,South,Standard,2025-01-25
4544,Sneha Nair,sneha.nair4544@example.com,South,Standard,2024-09-02
3234,Aditya Gupta,aditya.gupta3234@example.com,East,Premium,2025-03-05
1571,Yash Verma,yash.verma1571@example.com,East,Standard,2022-06-18
154,Kavya Singh,kavya.singh154@example.com,West,Premium,2023-08-22
126,Vivaan Iyer,vivaan.iyer126@example.com,North,Standard,2025-12-27
4623,Vikram Desai,vikram.desai4623@example.com,North,Standard,2023-12-22
671,Yash Verma,yash.verma671@example.com,North,Premium,2021-10-09
1300,Vikram Shah,vikram.shah1300@example.com,West,Standard,2021-10-21
512,Ananya Iyer,ananya.iyer512@example.com,South,Premium,2023-09-26
172,Ananya Malhotra,ananya.malhotra172@example.com,South,Standard,2024-07-23
4023,Vivaan Sharma,vivaan.sharma4023@example.com,West,Standard,2022-03-05
1837,Kabir Kapoor,kabir.kapoor1837@example.com,South,Standard,2025-05-28
3851,Aditya Mehta,aditya.mehta3851@example.com,West,Standard,2023-04-07
221,Isha Joshi,isha.joshi221@example.com,West,Premium,2021-03-19
3296,Sneha Gupta,sneha.gupta3296@example.com,East,Premium,2022-10-22
4175,Neha Gupta,neha.gupta4175@example.com,North,Premium,2024-07-07
2567,Rahul Gupta,rahul.gupta2567@example.com,East,Standard,2021-09-22
4538,Arjun Verma,arjun.verma4538@example.com,East,Premium,2021-05-14
2338,Vivaan Singh,vivaan.singh2338@example.com,East,Standard,2025-01-30
844,Neha Kapoor,neha.kapoor844@example.com,East,Standard,2025-12-24
386,Rohan Shah,rohan.shah386@example.com,West,Standard,2025-03-17
1513,Vikram Mehta,vikram.mehta1513@example.com,West,Premium,2022-04-13
3376,Rahul Reddy,rahul.reddy3376@example.com,South,Premium,2025-02-12
110,Aarav Kapoor,aarav.kapoor110@example.com,South,Premium,2023-01-21
3830,Vivaan Verma,vivaan.verma3830@example.com,East,Premium,2024-05-01
4487,Vivaan Malhotra,vivaan.malhotra4487@example.com,North,Premium,2021-04-09
910,Arjun Verma,arjun.verma910@example.com,West,Standard,2021-09-11
1135,Sneha Singh,sneha.singh1135@example.com,West,Premium,2022-02-25
2356,Aarav Singh,aarav.singh2356@example.com,West,Premium,2024-09-18
3610,Neha Singh,neha.singh3610@example.com,South,Standard,2025-08-29
656,Arjun Desai,arjun.desai656@example.com,North,Standard,2021-08-22
1482,Arjun Joshi,arjun.joshi1482@example.com,South,Premium,2025-05-13
2117,Karan Iyer,karan.iyer2117@example.com,South,Standard,2024-12-11
335,Isha Singh,isha.singh335@example.com,South,Premium,2024-01-28
3699,Aditi Mishra,aditi.mishra3699@example.com,South,Standard,2022-11-09
2878,Rahul Sharma,rahul.sharma2878@example.com,North,Premium,2021-08-15
4108,Kavya Malhotra,kavya.malhotra4108@example.com,West,Premium,2021-07-04
2935,Neha Patel,neha.patel2935@example.com,North,Standard,2024-08-12
3562,Rahul Joshi,rahul.joshi3562@example.com,East,Standard,2023-08-09
107,Vivaan Patel,vivaan.patel107@example.com,South,Premium,2025-10-12
3286,Yash Shah,yash.shah3286@example.com,East,Standard,2025-02-21
1077,Arjun Patel,arjun.patel1077@example.com,North,Premium,2025-10-11
4444,Rohan Malhotra,rohan.malhotra4444@example.com,South,Standard,2023-01-03
2381,Meera Kapoor,meera.kapoor2381@example.com,East,Premium,2023-02-03
47,Ananya Mehta,ananya.mehta47@example.com,North,Standard,2023-03-31
1541,Meera Singh,meera.singh1541@example.com,West,Standard,2025-06-27
2994,Isha Malhotra,isha.malhotra2994@example.com,South,Premium,2021-09-29
430,Vivaan Iyer,vivaan.iyer430@example.com,South,Premium,2023-05-03
2937,Kavya Joshi,kavya.joshi2937@example.com,West,Premium,2024-06-05
1645,Diya Nair,diya.nair1645@example.com,East,Premium,2025-11-02
963,Rohan Joshi,rohan.joshi963@example.com,West,Premium,2025-12-23
4597,Isha Joshi,isha.joshi4597@example.com,North,Premium,2022-06-20
1845,Ananya Sharma,ananya.sharma1845@example.com,South,Standard,2023-11-30
3350,Neha Reddy,neha.reddy3350@example.com,North,Standard,2024-09-17
320,Rahul Joshi,rahul.joshi320@example.com,East,Standard,2021-11-01
3800,Sneha Mishra,sneha.mishra3800@example.com,North,Premium,2024-08-10
1516,Kabir Desai,kabir.desai1516@example.com,West,Standard,2025-11-16
1374,Kabir Patel,kabir.patel1374@example.com,West,Standard,2022-05-09
1509,Ananya Singh,ananya.singh1509@example.com,North,Premium,2024-02-02
56,Diya Verma,diya.verma56@example.com,South,Premium,2023-07-30
1412,Meera Nair,meera.nair1412@example.com,West,Premium,2025-10-21
4554,Aditi Joshi,aditi.joshi4554@example.com,East,Premium,2023-10-16
4046,Aarav Patel,aarav.patel4046@example.com,West,Standard,2021-03-15
4295,Sneha Desai,sneha.desai4295@example.com,North,Premium,2025-06-10
2789,Pooja Kapoor,pooja.kapoor2789@example.com,East,Premium,2024-09-02
3444,Meera Shah,meera.shah3444@example.com,East,Premium,2025-07-31
4382,Rahul Iyer,rahul.iyer4382@example.com,West,Standard,2024-02-22
134,Pooja Kapoor,pooja.kapoor134@example.com,West,Standard,2025-01-06
2445,Meera Patel,meera.patel2445@example.com,North,Premium,2021-01-05
4795,Ananya Shah,ananya.shah4795@example.com,East,Standard,2024-12-08
49,Arjun Sharma,arjun.sharma49@example.com,South,Standard,2021-10-15
2832,Isha Patel,isha.patel2832@example.com,East,Premium,2022-01-20
3386,Arjun Mishra,arjun.mishra3386@example.com,West,Premium,2023-07-26
4903,Vikram Reddy,vikram.reddy4903@example.com,East,Premium,2025-03-31
2923,Isha Sharma,isha.sharma2923@example.com,North,Standard,2023-07-26
1381,Kavya Desai,kavya.desai1381@example.com,South,Standard,2021-01-09
2431,Neha Reddy,neha.reddy2431@example.com,North,Standard,2025-09-14
1379,Kavya Joshi,kavya.joshi1379@example.com,South,Premium,2025-02-05
2186,Rohan Patel,rohan.patel2186@example.com,West,Standard,2023-10-30
3005,Diya Verma,diya.verma3005@example.com,South,Standard,2023-03-26
1226,Ananya Singh,ananya.singh1226@example.com,West,Premium,2021-10-10
1538,Isha Kapoor,isha.kapoor1538@example.com,East,Standard,2024-12-28
1059,Sneha Malhotra,sneha.malhotra1059@example.com,South,Premium,2022-03-06
383,Pooja Reddy,pooja.reddy383@example.com,East,Standard,2024-10-09
2192,Rohan Reddy,rohan.reddy2192@example.com,South,Standard,2024-12-25
1464,Arjun Nair,arjun.nair1464@example.com,East,Standard,2024-04-08
1101,Kavya Malhotra,kavya.malhotra1101@example.com,West,Standard,2025-12-03
1051,Isha Nair,isha.nair1051@example.com,North,Premium,2021-02-21
994,Diya Mehta,diya.mehta994@example.com,North,Premium,2022-02-14
104,Karan Nair,karan.nair104@example.com,South,Standard,2024-10-31
2865,Karan Mehta,karan.mehta2865@example.com,North,Standard,2022-02-22
3889,Sneha Sharma,sneha.sharma3889@example.com,East,Standard,2021-07-29
278,Pooja Iyer,pooja.iyer278@example.com,South,Standard,2022-05-02
489,Neha Nair,neha.nair489@example.com,East,Premium,2023-02-21
766,Diya Verma,diya.verma766@example.com,East,Premium,2021-01-27
2689,Karan Gupta,karan.gupta2689@example.com,West,Premium,2024-07-21
4937,Priya Nair,priya.nair4937@example.com,South,Premium,2022-08-26
2811,Meera Mehta,meera.mehta2811@example.com,North,Premium,2021-12-22
3688,Neha Patel,neha.patel3688@example.com,West,Premium,2023-05-28
3548,Karan Desai,karan.desai3548@example.com,East,Premium,2021-11-26
1392,Kavya Iyer,kavya.iyer1392@example.com,East,Premium,2022-11-08
4446,Meera Reddy,meera.reddy4446@example.com,South,Premium,2021-11-11
3211,Ananya Kapoor,ananya.kapoor3211@example.com,North,Standard,2023-10-02
2217,Kavya Desai,kavya.desai2217@example.com,East,Premium,2025-05-25
3462,Ananya Desai,ananya.desai3462@example.com,South,Premium,2023-12-03
3031,Aditya Nair,aditya.nair3031@example.com,South,Standard,2024-01-18
3543,Sneha Verma,sneha.verma3543@example.com,North,Standard,2022-03-30
2507,Vikram Malhotra,vikram.malhotra2507@example.com,East,Standard,2023-01-09
1758,Yash Gupta,yash.gupta1758@example.com,West,Premium,2021-08-23
540,Priya Joshi,priya.joshi540@example.com,South,Premium,2021-03-23
3967,Ananya Verma,ananya.verma3967@example.com,North,Standard,2022-06-10
3347,Sneha Reddy,sneha.reddy3347@example.com,East,Premium,2023-11-25
1695,Priya Desai,priya.desai1695@example.com,West,Standard,2021-03-31
4386,Yash Mishra,yash.mishra4386@example.com,South,Standard,2023-11-19
1391,Aditya Patel,aditya.patel1391@example.com,South,Premium,2024-07-07
817,Aditya Gupta,aditya.gupta817@example.com,South,Standard,2025-09-08
3870,Arjun Gupta,arjun.gupta3870@example.com,West,Premium,2025-03-10
2148,Rohan Sharma,rohan.sharma2148@example.com,West,Standard,2021-03-19
713,Aditya Patel,aditya.patel713@example.com,North,Premium,2025-06-15
437,Karan Desai,karan.desai437@example.com,North,Premium,2022-06-14
3092,Isha Verma,isha.verma3092@example.com,West,Standard,2023-06-06
4879,Ananya Sharma,ananya.sharma4879@example.com,West,Premium,2024-01-01
4082,Aarav Malhotra,aarav.malhotra4082@example.com,North,Premium,2024-12-06
1792,Aditya Shah,aditya.shah1792@example.com,North,Standard,2025-05-31
1805,Yash Kapoor,yash.kapoor1805@example.com,North,Standard,2025-04-17
4241,Meera Verma,meera.verma4241@example.com,West,Premium,2023-08-29
4425,Kabir Desai,kabir.desai4425@example.com,South,Premium,2025-03-10
3670,Diya Nair,diya.nair3670@example.com,East,Premium,2022-09-03
3346,Priya Sharma,priya.sharma3346@example.com,South,Premium,2021-03-27
626,Aarav Kapoor,aarav.kapoor626@example.com,West,Premium,2022-09-17
1733,Vikram Reddy,vikram.reddy1733@example.com,East,Premium,2023-04-26
2360,Neha Mehta,neha.mehta2360@example.com,South,Premium,2022-03-29
1776,Pooja Iyer,pooja.iyer1776@example.com,East,Premium,2021-08-23
2450,Kabir Malhotra,kabir.malhotra2450@example.com,North,Standard,2024-08-13
2045,Sneha Patel,sneha.patel2045@example.com,East,Premium,2022-05-29
4658,Arjun Gupta,arjun.gupta4658@example.com,West,Standard,2023-01-02
4010,Rohan Malhotra,rohan.malhotra4010@example.com,South,Premium,2022-08-07
1768,Pooja Patel,pooja.patel1768@example.com,South,Standard,2023-09-23
3956,Meera Shah,meera.shah3956@example.com,East,Premium,2024-03-04
4154,Kavya Shah,kavya.shah4154@example.com,East,Standard,2021-12-12
3733,Aarav Shah,aarav.shah3733@example.com,South,Premium,2024-12-29
1196,Isha Singh,isha.singh1196@example.com,East,Premium,2024-10-23
3390,Ananya Mishra,ananya.mishra3390@example.com,West,Standard,2023-07-02
2535,Priya Nair,priya.nair2535@example.com,East,Standard,2024-02-04
3077,Arjun Mehta,arjun.mehta3077@example.com,North,Standard,2025-10-25
3503,Rohan Mishra,rohan.mishra3503@example.com,South,Standard,2025-02-11
58,Aditya Reddy,aditya.reddy58@example.com,North,Premium,2025-10-06
230,Neha Malhotra,neha.malhotra230@example.com,North,Standard,2025-04-25
2441,Kavya Gupta,kavya.gupta2441@example.com,North,Standard,2024-01-19
1138,Sneha Joshi,sneha.joshi1138@example.com,South,Standard,2023-03-15
272,Rahul Mishra,rahul.mishra272@example.com,East,Premium,2023-08-10
4753,Neha Desai,neha.desai4753@example.com,North,Standard,2023-01-16
3792,Neha Sharma,neha.sharma3792@example.com,South,Premium,2025-03-31
3609,Neha Mehta,neha.mehta3609@example.com,West,Premium,2022-01-02
213,Kavya Kapoor,kavya.kapoor213@example.com,South,Standard,2023-01-05
2259,Vivaan Gupta,vivaan.gupta2259@example.com,West,Premium,2021-05-09
76,Karan Shah,karan.shah76@example.com,South,Premium,2024-10-01
1146,Vikram Desai,vikram.desai1146@example.com,East,Standard,2023-08-20
1166,Meera Mishra,meera.mishra1166@example.com,North,Premium,2024-08-21
3167,Ananya Patel,ananya.patel3167@example.com,East,Standard,2024-03-31
3465,Sneha Kapoor,sneha.kapoor3465@example.com,South,Standard,2024-08-31
4561,Diya Shah,diya.shah4561@example.com,North,Standard,2023-02-10
3405,Rahul Desai,rahul.desai3405@example.com,West,Standard,2025-08-01
1750,Priya Joshi,priya.joshi1750@example.com,West,Premium,2023-10-25
2552,Rohan Joshi,rohan.joshi2552@example.com,South,Premium,2021-06-07
2771,Neha Malhotra,neha.malhotra2771@example.com,East,Premium,2021-11-04
4470,Kabir Mehta,kabir.mehta4470@example.com,East,Premium,2024-09-15
2987,Rahul Verma,rahul.verma2987@example.com,East,Premium,2023-09-14
3136,Aditi Joshi,aditi.joshi3136@example.com,South,Premium,2024-08-18
3381,Isha Sharma,isha.sharma3381@example.com,South,Premium,2021-09-19
109,Kavya Kapoor,kavya.kapoor109@example.com,South,Premium,2024-07-13
1909,Neha Sharma,neha.sharma1909@example.com,South,Premium,2021-12-07
3641,Karan Mishra,karan.mishra3641@example.com,South,Standard,2024-05-12
3110,Kavya Malhotra,kavya.malhotra3110@example.com,North,Standard,2021-06-25
5000,Vikram Joshi,vikram.joshi5000@example.com,West,Standard,2021-12-16
1220,Rahul Iyer,rahul.iyer1220@example.com,West,Premium,2025-06-16
479,Kavya Iyer,kavya.iyer479@example.com,South,Standard,2021-12-10
2149,Ananya Mishra,ananya.mishra2149@example.com,West,Premium,2022-04-16
2426,Diya Verma,diya.verma2426@example.com,South,Premium,2021-02-03
2365,Vikram Desai,vikram.desai2365@example.com,West,Premium,2024-05-25
3944,Arjun Mehta,arjun.mehta3944@example.com,West,Premium,2025-12-03
3595,Sneha Desai,sneha.desai3595@example.com,North,Premium,2023-09-15
3714,Rohan Mishra,rohan.mishra3714@example.com,North,Standard,2023-12-06
3026,Isha Shah,isha.shah3026@example.com,North,Standard,2022-04-15
425,Aditi Nair,aditi.nair425@example.com,West,Standard,2024-04-21
839,Kavya Patel,kavya.patel839@example.com,West,Premium,2022-06-06
4000,Aditi Nair,aditi.nair4000@example.com,South,Premium,2022-08-04
1237,Pooja Mishra,pooja.mishra1237@example.com,West,Standard,2022-01-23
4807,Aarav Reddy,aarav.reddy4807@example.com,North,Premium,2023-12-01
1900,Aarav Verma,aarav.verma1900@example.com,South,Standard,2023-04-18
1361,Priya Patel,priya.patel1361@example.com,South,Standard,2024-08-27
1046,Kavya Singh,kavya.singh1046@example.com,East,Standard,2024-03-02
4460,Priya Kapoor,priya.kapoor4460@example.com,East,Standard,2025-03-27
755,Vikram Verma,vikram.verma755@example.com,West,Premium,2023-01-29
4205,Sneha Desai,sneha.desai4205@example.com,West,Standard,2022-09-21
2691,Kavya Shah,kavya.shah2691@example.com,West,Premium,2025-10-18
2454,Arjun Reddy,arjun.reddy2454@example.com,South,Standard,2025-05-23
1665,Kabir Patel,kabir.patel1665@example.com,South,Standard,2025-05-29
1614,Ananya Nair,ananya.nair1614@example.com,North,Premium,2023-03-08
2568,Aarav Nair,aarav.nair2568@example.com,North,Premium,2023-08-24
857,Pooja Verma,pooja.verma857@example.com,North,Premium,2022-06-23
1141,Rahul Shah,rahul.shah1141@example.com,North,Premium,2025-01-23
1113,Diya Mishra,diya.mishra1113@example.com,West,Standard,2024-12-28
3860,Pooja Sharma,pooja.sharma3860@example.com,South,Standard,2023-06-19
1348,Aarav Gupta,aarav.gupta1348@example.com,East,Premium,2021-03-10
4429,Pooja Desai,pooja.desai4429@example.com,South,Premium,2024-10-12
1970,Vivaan Shah,vivaan.shah1970@example.com,South,Premium,2021-11-19
3507,Aditya Singh,aditya.singh3507@example.com,West,Standard,2024-10-03
955,Diya Verma,diya.verma955@example.com,South,Premium,2025-02-18
4323,Aditya Mishra,aditya.mishra4323@example.com,North,Standard,2025-01-27
2647,Sneha Mishra,sneha.mishra2647@example.com,East,Standard,2025-07-29
1747,Karan Gupta,karan.gupta1747@example.com,South,Standard,2023-04-08
4461,Kavya Sharma,kavya.sharma4461@example.com,East,Premium,2023-04-14
2881,Neha Patel,neha.patel2881@example.com,North,Standard,2022-11-28
866,Arjun Nair,arjun.nair866@example.com,East,Standard,2024-11-22
2418,Meera Verma,meera.verma2418@example.com,West,Premium,2025-04-01
4848,Ananya Nair,ananya.nair4848@example.com,West,Standard,2024-04-16
3962,Aarav Joshi,aarav.joshi3962@example.com,North,Standard,2021-05-19
3374,Diya Malhotra,diya.malhotra3374@example.com,South,Premium,2025-06-27
2345,Ananya Verma,ananya.verma2345@example.com,East,Premium,2024-12-06
4824,Karan Gupta,karan.gupta4824@example.com,East,Premium,2023-03-29
487,Ananya Patel,ananya.patel487@example.com,South,Standard,2022-10-05
1752,Priya Gupta,priya.gupta1752@example.com,East,Premium,2025-03-09
555,Vikram Joshi,vikram.joshi555@example.com,South,Premium,2025-02-15
3856,Rahul Iyer,rahul.iyer3856@example.com,East,Premium,2022-04-15
3048,Vikram Iyer,vikram.iyer3048@example.com,South,Standard,2021-11-16
2586,Arjun Patel,arjun.patel2586@example.com,North,Standard,2024-06-11
1298,Aarav Nair,aarav.nair1298@example.com,North,Standard,2023-01-31
2575,Pooja Shah,pooja.shah2575@example.com,West,Standard,2023-10-03
684,Kabir Nair,kabir.nair684@example.com,East,Standard,2022-03-31
4745,Kavya Mehta,kavya.mehta4745@example.com,North,Standard,2023-09-07
2009,Sneha Sharma,sneha.sharma2009@example.com,East,Standard,2025-10-29
1773,Kabir Joshi,kabir.joshi1773@example.com,North,Standard,2022-10-09
1524,Aarav Sharma,aarav.sharma1524@example.com,South,Standard,2024-04-04
3459,Arjun Shah,arjun.shah3459@example.com,East,Standard,2022-01-19
263,Sneha Singh,sneha.singh263@example.com,South,Standard,2023-08-24
2973,Pooja Shah,pooja.shah2973@example.com,East,Premium,2023-10-19
3776,Isha Gupta,isha.gupta3776@example.com,West,Standard,2023-01-18
4960,Diya Singh,diya.singh4960@example.com,West,Premium,2024-03-16
329,Rohan Kapoor,rohan.kapoor329@example.com,South,Premium,2025-01-16
4188,Karan Nair,karan.nair4188@example.com,South,Standard,2025-10-20
1444,Diya Gupta,diya.gupta1444@example.com,South,Premium,2023-08-27
2351,Aarav Mehta,aarav.mehta2351@example.com,West,Standard,2021-10-03
819,Neha Desai,neha.desai819@example.com,East,Standard,2022-09-07
529,Karan Desai,karan.desai529@example.com,North,Standard,2021-07-22
3299,Kabir Sharma,kabir.sharma3299@example.com,South,Standard,2023-09-03
599,Arjun Joshi,arjun.joshi599@example.com,East,Standard,2023-01-10
1020,Priya Desai,priya.desai1020@example.com,East,Standard,2021-02-10
2833,Isha Patel,isha.patel2833@example.com,East,Premium,2024-03-27
3264,Kavya Malhotra,kavya.malhotra3264@example.com,South,Standard,2022-12-29
3129,Ananya Malhotra,ananya.malhotra3129@example.com,West,Standard,2025-12-27
3047,Aditya Verma,aditya.verma3047@example.com,East,Standard,2024-07-17
4791,Rohan Iyer,rohan.iyer4791@example.com,South,Standard,2023-05-14
2883,Pooja Kapoor,pooja.kapoor2883@example.com,West,Premium,2021-06-12
3914,Kabir Shah,kabir.shah3914@example.com,South,Standard,2022-10-11
4853,Yash Reddy,yash.reddy4853@example.com,East,Standard,2022-07-10
2948,Meera Nair,meera.nair2948@example.com,East,Standard,2023-04-28
2725,Kabir Mehta,kabir.mehta2725@example.com,North,Premium,2025-01-30
4780,Rahul Malhotra,rahul.malhotra4780@example.com,East,Premium,2022-03-08
1261,Kabir Verma,kabir.verma1261@example.com,North,Premium,2021-05-11
4542,Aditi Desai,aditi.desai4542@example.com,North,Premium,2025-04-28
273,Diya Desai,diya.desai273@example.com,North,Premium,2022-06-22
3696,Pooja Mehta,pooja.mehta3696@example.com,North,Standard,2022-09-26
1054,Rahul Gupta,rahul.gupta1054@example.com,East,Standard,2024-07-07
666,Rohan Mehta,rohan.mehta666@example.com,South,Premium,2021-03-13
4696,Priya Iyer,priya.iyer4696@example.com,East,Standard,2023-08-15
3509,Sneha Mishra,sneha.mishra3509@example.com,East,Standard,2021-10-04
2361,Sneha Mehta,sneha.mehta2361@example.com,West,Standard,2023-12-09
2834,Sneha Singh,sneha.singh2834@example.com,East,Standard,2024-01-11
2662,Rahul Nair,rahul.nair2662@example.com,North,Standard,2022-09-23
1484,Priya Verma,priya.verma1484@example.com,East,Premium,2022-09-14
3590,Aarav Sharma,aarav.sharma3590@example.com,South,Standard,2022-08-11
2013,Aditi Desai,aditi.desai2013@example.com,North,Standard,2025-03-28
4712,Aditi Singh,aditi.singh4712@example.com,North,Standard,2025-06-23
566,Yash Kapoor,yash.kapoor566@example.com,South,Premium,2024-01-28
4869,Priya Gupta,priya.gupta4869@example.com,West,Standard,2023-03-20
3215,Rahul Mehta,rahul.mehta3215@example.com,West,Standard,2022-03-28
593,Karan Patel,karan.patel593@example.com,West,Premium,2023-11-25
2046,Pooja Nair,pooja.nair2046@example.com,East,Standard,2024-08-21
2121,Sneha Nair,sneha.nair2121@example.com,East,Standard,2022-01-21
914,Aditya Mehta,aditya.mehta914@example.com,South,Standard,2021-08-15
458,Meera Kapoor,meera.kapoor458@example.com,West,Standard,2024-12-05
4814,Pooja Joshi,pooja.joshi4814@example.com,South,Standard,2021-02-09
3089,Rohan Sharma,rohan.sharma3089@example.com,North,Premium,2021-07-29
2810,Yash Singh,yash.singh2810@example.com,South,Standard,2025-01-29
2508,Aarav Gupta,aarav.gupta2508@example.com,North,Premium,2021-01-31
737,Aditi Gupta,aditi.gupta737@example.com,East,Standard,2022-10-01
1493,Aditi Shah,aditi.shah1493@example.com,West,Premium,2022-11-08
2086,Aditya Iyer,aditya.iyer2086@example.com,South,Premium,2022-06-30
2723,Diya Patel,diya.patel2723@example.com,West,Premium,2022-01-29
781,Karan Iyer,karan.iyer781@example.com,West,Premium,2021-09-07
1172,Rahul Verma,rahul.verma1172@example.com,West,Premium,2025-02-19
1561,Vivaan Gupta,vivaan.gupta1561@example.com,West,Premium,2023-12-04
2458,Vikram Joshi,vikram.joshi2458@example.com,West,Standard,2022-10-24
157,Kabir Malhotra,kabir.malhotra157@example.com,North,Premium,2022-06-03
4026,Aditi Malhotra,aditi.malhotra4026@example.com,East,Premium,2023-01-09
233,Vivaan Iyer,vivaan.iyer233@example.com,South,Premium,2022-04-29
836,Isha Shah,isha.shah836@example.com,North,Premium,2025-06-15
4604,Karan Kapoor,karan.kapoor4604@example.com,North,Standard,2025-06-05
2879,Rahul Sharma,rahul.sharma2879@example.com,North,Standard,2024-11-10
1083,Pooja Mehta,pooja.mehta1083@example.com,East,Premium,2022-05-25
3225,Kabir Joshi,kabir.joshi3225@example.com,North,Standard,2025-04-05
4899,Vivaan Sharma,vivaan.sharma4899@example.com,East,Premium,2024-12-07
8,Sneha Nair,sneha.nair8@example.com,North,Premium,2023-09-27
4168,Rahul Shah,rahul.shah4168@example.com,East,Standard,2025-02-10
3019,Vikram Sharma,vikram.sharma3019@example.com,West,Standard,2025-01-23
1231,Rohan Singh,rohan.singh1231@example.com,North,Standard,2024-12-18
3765,Meera Desai,meera.desai3765@example.com,East,Standard,2022-01-24
4037,Kavya Mehta,kavya.mehta4037@example.com,East,Standard,2025-02-08
2344,Meera Singh,meera.singh2344@example.com,South,Premium,2023-12-24
992,Rohan Joshi,rohan.joshi992@example.com,East,Standard,2024-01-15
4945,Priya Joshi,priya.joshi4945@example.com,North,Standard,2025-02-11
4802,Kabir Mishra,kabir.mishra4802@example.com,North,Standard,2025-05-09
3102,Pooja Gupta,pooja.gupta3102@example.com,East,Premium,2024-09-10
481,Sneha Iyer,sneha.iyer481@example.com,West,Premium,2023-12-10
1,Aditi Nair,aditi.nair1@example.com,South,Standard,2022-10-23
3253,Isha Malhotra,isha.malhotra3253@example.com,East,Premium,2021-07-17
15,Neha Malhotra,neha.malhotra15@example.com,North,Premium,2025-09-07
788,Rohan Mehta,rohan.mehta788@example.com,North,Premium,2021-08-08
336,Aditi Gupta,aditi.gupta336@example.com,North,Premium,2024-03-15
40,Diya Malhotra,diya.malhotra40@example.com,West,Standard,2021-04-11
3294,Priya Gupta,priya.gupta3294@example.com,North,Premium,2022-03-04
1949,Aditi Mishra,aditi.mishra1949@example.com,North,Standard,2025-06-29
1461,Vivaan Shah,vivaan.shah1461@example.com,West,Standard,2025-06-15
2595,Vivaan Iyer,vivaan.iyer2595@example.com,East,Premium,2025-02-12
88,Aditya Iyer,aditya.iyer88@example.com,East,Premium,2022-03-19
2688,Neha Patel,neha.patel2688@example.com,North,Premium,2023-12-25
116,Diya Gupta,diya.gupta116@example.com,South,Premium,2024-03-13
3488,Kabir Desai,kabir.desai3488@example.com,West,Premium,2025-04-19
3981,Kavya Shah,kavya.shah3981@example.com,West,Standard,2025-12-14
1218,Arjun Mehta,arjun.mehta1218@example.com,South,Standard,2023-10-31
504,Ananya Malhotra,ananya.malhotra504@example.com,South,Standard,2022-12-23
4516,Ananya Desai,ananya.desai4516@example.com,East,Standard,2023-04-25
4060,Isha Iyer,isha.iyer4060@example.com,East,Premium,2024-02-28
3174,Sneha Gupta,sneha.gupta3174@example.com,West,Standard,2023-01-08
4167,Meera Joshi,meera.joshi4167@example.com,West,Premium,2025-01-27
3538,Vivaan Singh,vivaan.singh3538@example.com,North,Premium,2025-12-29
4596,Yash Sharma,yash.sharma4596@example.com,East,Premium,2022-03-16
1440,Ananya Sharma,ananya.sharma1440@example.com,East,Premium,2021-07-13
1719,Vivaan Joshi,vivaan.joshi1719@example.com,East,Premium,2021-10-11
1451,Karan Shah,karan.shah1451@example.com,South,Premium,2022-06-09
1528,Yash Patel,yash.patel1528@example.com,West,Premium,2025-02-12
214,Aditya Reddy,aditya.reddy214@example.com,East,Standard,2021-12-21
2503,Aditi Iyer,aditi.iyer2503@example.com,North,Standard,2021-03-18
4701,Kavya Verma,kavya.verma4701@example.com,North,Premium,2025-04-28
3958,Ananya Shah,ananya.shah3958@example.com,West,Standard,2025-11-13
53,Arjun Iyer,arjun.iyer53@example.com,South,Premium,2024-07-22
4478,Diya Sharma,diya.sharma4478@example.com,East,Premium,2022-10-16
4130,Sneha Kapoor,sneha.kapoor4130@example.com,South,Standard,2023-10-26
466,Rahul Mehta,rahul.mehta466@example.com,North,Standard,2023-07-02
4458,Pooja Kapoor,pooja.kapoor4458@example.com,North,Premium,2023-06-04
912,Yash Nair,yash.nair912@example.com,West,Premium,2021-09-28
1739,Ananya Patel,ananya.patel1739@example.com,West,Premium,2024-01-28
1387,Diya Singh,diya.singh1387@example.com,North,Standard,2023-10-25
482,Isha Nair,isha.nair482@example.com,South,Premium,2023-09-12
4595,Sneha Gupta,sneha.gupta4595@example.com,West,Standard,2024-08-28
2457,Kavya Gupta,kavya.gupta2457@example.com,South,Premium,2021-05-27
87,Karan Nair,karan.nair87@example.com,West,Standard,2024-11-03
1001,Kavya Patel,kavya.patel1001@example.com,North,Standard,2023-05-18
3492,Priya Shah,priya.shah3492@example.com,South,Standard,2022-12-07
2576,Pooja Malhotra,pooja.malhotra2576@example.com,North,Standard,2021-12-13
3597,Priya Kapoor,priya.kapoor3597@example.com,West,Premium,2023-06-22
4442,Vivaan Mishra,vivaan.mishra4442@example.com,South,Premium,2024-11-04
2404,Priya Mehta,priya.mehta2404@example.com,North,Premium,2025-02-23
4497,Vivaan Gupta,vivaan.gupta4497@example.com,South,Standard,2021-01-29
4271,Ananya Reddy,ananya.reddy4271@example.com,North,Standard,2023-07-11
302,Aditi Sharma,aditi.sharma302@example.com,East,Premium,2025-02-24
463,Sneha Gupta,sneha.gupta463@example.com,South,Standard,2024-01-29
1744,Aditi Kapoor,aditi.kapoor1744@example.com,South,Premium,2023-02-11
4426,Kavya Mishra,kavya.mishra4426@example.com,North,Standard,2021-12-15
3656,Vivaan Singh,vivaan.singh3656@example.com,South,Standard,2021-04-19
809,Meera Malhotra,meera.malhotra809@example.com,North,Premium,2023-03-07
3124,Karan Malhotra,karan.malhotra3124@example.com,East,Premium,2021-02-09
2233,Yash Iyer,yash.iyer2233@example.com,West,Premium,2023-02-19
145,Neha Reddy,neha.reddy145@example.com,North,Standard,2023-09-20
1796,Pooja Desai,pooja.desai1796@example.com,North,Premium,2022-02-12
1324,Neha Joshi,neha.joshi1324@example.com,North,Premium,2022-05-22
937,Neha Singh,neha.singh937@example.com,East,Standard,2023-03-17
677,Kabir Sharma,kabir.sharma677@example.com,East,Standard,2022-12-29
1966,Yash Gupta,yash.gupta1966@example.com,East,Premium,2024-07-05
3920,Karan Mishra,karan.mishra3920@example.com,West,Premium,2024-02-11
3727,Karan Gupta,karan.gupta3727@example.com,South,Standard,2023-03-16
4700,Rohan Patel,rohan.patel4700@example.com,West,Premium,2023-05-05
4560,Rahul Kapoor,rahul.kapoor4560@example.com,South,Standard,2022-10-02
217,Pooja Shah,pooja.shah217@example.com,West,Premium,2022-02-28
4741,Rohan Kapoor,rohan.kapoor4741@example.com,South,Premium,2022-09-25
3170,Neha Mishra,neha.mishra3170@example.com,South,Standard,2025-04-27
1425,Rohan Malhotra,rohan.malhotra1425@example.com,South,Standard,2021-05-19
4842,Sneha Desai,sneha.desai4842@example.com,North,Premium,2022-10-13
682,Rohan Reddy,rohan.reddy682@example.com,North,Standard,2025-12-08
1702,Isha Verma,isha.verma1702@example.com,East,Standard,2025-03-08
4501,Karan Mehta,karan.mehta4501@example.com,South,Premium,2021-09-27
1452,Kabir Sharma,kabir.sharma1452@example.com,East,Premium,2024-05-06
4302,Rahul Gupta,rahul.gupta4302@example.com,North,Standard,2021-06-12
2020,Aditi Mehta,aditi.mehta2020@example.com,West,Standard,2022-01-12
143,Diya Joshi,diya.joshi143@example.com,West,Premium,2021-12-02
1213,Vikram Gupta,vikram.gupta1213@example.com,North,Standard,2025-04-15
209,Aarav Mishra,aarav.mishra209@example.com,East,Standard,2022-04-01
4577,Vikram Nair,vikram.nair4577@example.com,South,Premium,2021-12-29
4550,Meera Iyer,meera.iyer4550@example.com,West,Standard,2025-11-11
73,Meera Mishra,meera.mishra73@example.com,South,Standard,2023-04-10
3461,Vivaan Kapoor,vivaan.kapoor3461@example.com,West,Standard,2023-03-19
4242,Pooja Reddy,pooja.reddy4242@example.com,North,Premium,2023-07-14
234,Meera Iyer,meera.iyer234@example.com,North,Premium,2023-11-29
1921,Sneha Verma,sneha.verma1921@example.com,North,Standard,2023-11-24
513,Vivaan Gupta,vivaan.gupta513@example.com,East,Standard,2023-03-27
1586,Yash Nair,yash.nair1586@example.com,East,Standard,2021-12-07
3188,Isha Singh,isha.singh3188@example.com,North,Premium,2023-08-08
2222,Meera Patel,meera.patel2222@example.com,North,Premium,2025-05-14
4351,Kavya Mishra,kavya.mishra4351@example.com,South,Standard,2023-04-27
115,Ananya Joshi,ananya.joshi115@example.com,North,Premium,2023-07-19
1340,Kavya Mishra,kavya.mishra1340@example.com,South,Standard,2021-07-04
1901,Karan Shah,karan.shah1901@example.com,South,Premium,2021-07-06
2951,Arjun Reddy,arjun.reddy2951@example.com,West,Standard,2021-06-24
2340,Neha Reddy,neha.reddy2340@example.com,West,Premium,2023-02-15
4910,Sneha Verma,sneha.verma4910@example.com,North,Premium,2022-11-18
4773,Kavya Iyer,kavya.iyer4773@example.com,South,Premium,2025-11-15
4528,Rohan Mehta,rohan.mehta4528@example.com,North,Standard,2022-09-23
1062,Yash Reddy,yash.reddy1062@example.com,West,Standard,2024-07-06
2706,Kabir Patel,kabir.patel2706@example.com,South,Premium,2021-01-08
2916,Pooja Nair,pooja.nair2916@example.com,East,Premium,2023-07-29
1897,Aditi Iyer,aditi.iyer1897@example.com,West,Premium,2024-05-30
3408,Aditi Gupta,aditi.gupta3408@example.com,South,Standard,2023-07-19
1924,Isha Joshi,isha.joshi1924@example.com,North,Premium,2022-05-17
3208,Sneha Singh,sneha.singh3208@example.com,South,Premium,2022-01-14
523,Rohan Sharma,rohan.sharma523@example.com,East,Premium,2021-10-25
471,Vivaan Malhotra,vivaan.malhotra471@example.com,East,Standard,2021-06-29
338,Vivaan Patel,vivaan.patel338@example.com,West,Premium,2021-11-27
404,Yash Kapoor,yash.kapoor404@example.com,South,Standard,2025-03-15
1628,Kavya Shah,kavya.shah1628@example.com,North,Premium,2025-04-23
3813,Yash Shah,yash.shah3813@example.com,East,Standard,2025-08-07
2864,Aditya Nair,aditya.nair2864@example.com,West,Premium,2022-08-23
3836,Aditi Mehta,aditi.mehta3836@example.com,North,Standard,2022-11-06
1099,Neha Verma,neha.verma1099@example.com,South,Premium,2024-06-07
1523,Vivaan Patel,vivaan.patel1523@example.com,North,Standard,2025-01-22
2423,Pooja Mishra,pooja.mishra2423@example.com,East,Standard,2024-05-31
498,Ananya Singh,ananya.singh498@example.com,East,Premium,2024-06-12
3096,Kavya Joshi,kavya.joshi3096@example.com,West,Standard,2025-07-13
1653,Kabir Mishra,kabir.mishra1653@example.com,South,Standard,2022-02-01
3692,Aarav Patel,aarav.patel3692@example.com,North,Standard,2024-07-04
802,Arjun Reddy,arjun.reddy802@example.com,South,Standard,2023-04-28
1582,Vivaan Shah,vivaan.shah1582@example.com,East,Premium,2021-01-24
1363,Vikram Reddy,vikram.reddy1363@example.com,East,Standard,2025-06-07
1185,Aditya Singh,aditya.singh1185@example.com,East,Standard,2025-04-20
968,Aarav Patel,aarav.patel968@example.com,East,Standard,2023-03-23
268,Kavya Kapoor,kavya.kapoor268@example.com,North,Premium,2022-02-02
445,Ananya Iyer,ananya.iyer445@example.com,East,Standard,2023-08-30
2480,Vivaan Malhotra,vivaan.malhotra2480@example.com,South,Standard,2021-11-15
1849,Meera Mishra,meera.mishra1849@example.com,East,Standard,2025-05-25
3787,Isha Mishra,isha.mishra3787@example.com,North,Standard,2024-03-03
2024,Ananya Desai,ananya.desai2024@example.com,North,Premium,2024-03-28
1423,Ananya Nair,ananya.nair1423@example.com,East,Premium,2021-11-02
1598,Karan Iyer,karan.iyer1598@example.com,North,Standard,2023-02-08
3213,Sneha Iyer,sneha.iyer3213@example.com,South,Standard,2022-01-19
3073,Pooja Patel,pooja.patel3073@example.com,East,Standard,2024-12-24
1882,Vivaan Singh,vivaan.singh1882@example.com,West,Premium,2023-10-15
1683,Rahul Shah,rahul.shah1683@example.com,West,Standard,2022-03-19
1938,Neha Singh,neha.singh1938@example.com,South,Premium,2023-02-06
2533,Vivaan Nair,vivaan.nair2533@example.com,South,Premium,2023-06-28
4683,Neha Sharma,neha.sharma4683@example.com,West,Premium,2022-01-25
1972,Ananya Mishra,ananya.mishra1972@example.com,West,Standard,2025-05-08
2476,Ananya Mehta,ananya.mehta2476@example.com,North,Premium,2022-02-25
687,Vivaan Joshi,vivaan.joshi687@example.com,West,Premium,2021-01-09
3060,Yash Mishra,yash.mishra3060@example.com,North,Premium,2022-11-14
3380,Meera Mishra,meera.mishra3380@example.com,North,Premium,2023-12-03
3660,Yash Sharma,yash.sharma3660@example.com,East,Premium,2022-10-20
3545,Vikram Gupta,vikram.gupta3545@example.com,East,Standard,2023-12-27
4594,Ananya Nair,ananya.nair4594@example.com,West,Premium,2022-07-13
1746,Rohan Mehta,rohan.mehta1746@example.com,East,Premium,2021-02-01
1881,Pooja Desai,pooja.desai1881@example.com,North,Premium,2024-01-17
3756,Priya Desai,priya.desai3756@example.com,East,Standard,2021-10-17
3266,Yash Kapoor,yash.kapoor3266@example.com,South,Premium,2021-05-26
747,Yash Kapoor,yash.kapoor747@example.com,East,Standard,2021-04-14
1532,Rohan Sharma,rohan.sharma1532@example.com,West,Premium,2021-08-05
2468,Diya Sharma,diya.sharma2468@example.com,North,Standard,2023-03-14
4851,Kabir Reddy,kabir.reddy4851@example.com,West,Standard,2022-10-02
2975,Ananya Iyer,ananya.iyer2975@example.com,South,Premium,2025-03-28
542,Meera Kapoor,meera.kapoor542@example.com,South,Premium,2025-07-23
1892,Meera Patel,meera.patel1892@example.com,West,Standard,2024-11-02
4630,Meera Joshi,meera.joshi4630@example.com,South,Premium,2021-10-22
4872,Pooja Singh,pooja.singh4872@example.com,East,Standard,2022-01-11
3162,Ananya Nair,ananya.nair3162@example.com,East,Standard,2023-09-26
572,Aarav Patel,aarav.patel572@example.com,West,Premium,2022-12-21
1679,Aditi Joshi,aditi.joshi1679@example.com,South,Standard,2025-04-22
3742,Priya Kapoor,priya.kapoor3742@example.com,South,Premium,2023-04-11
3351,Arjun Shah,arjun.shah3351@example.com,North,Standard,2023-12-28
1725,Meera Verma,meera.verma1725@example.com,West,Premium,2024-06-25
3240,Rahul Desai,rahul.desai3240@example.com,South,Standard,2023-02-26
2876,Aditya Shah,aditya.shah2876@example.com,South,Standard,2025-05-26
3101,Isha Kapoor,isha.kapoor3101@example.com,East,Premium,2021-12-21
1212,Aditya Reddy,aditya.reddy1212@example.com,West,Premium,2024-04-27
1917,Pooja Joshi,pooja.joshi1917@example.com,East,Premium,2025-08-11
256,Meera Mehta,meera.mehta256@example.com,East,Standard,2021-05-23
4901,Pooja Patel,pooja.patel4901@example.com,West,Standard,2023-10-10
147,Vivaan Patel,vivaan.patel147@example.com,South,Premium,2025-12-23
1907,Kavya Mishra,kavya.mishra1907@example.com,North,Premium,2024-09-15
1965,Rohan Joshi,rohan.joshi1965@example.com,East,Standard,2024-06-14
3825,Kavya Joshi,kavya.joshi3825@example.com,South,Premium,2024-10-27
2509,Ananya Singh,ananya.singh2509@example.com,East,Standard,2025-01-10
3735,Priya Patel,priya.patel3735@example.com,North,Standard,2025-10-02
4494,Rohan Iyer,rohan.iyer4494@example.com,East,Premium,2023-01-27
4767,Sneha Sharma,sneha.sharma4767@example.com,North,Standard,2021-08-13
1579,Yash Iyer,yash.iyer1579@example.com,North,Premium,2023-06-04
1418,Kavya Verma,kavya.verma1418@example.com,East,Standard,2023-04-12
3812,Diya Verma,diya.verma3812@example.com,South,Premium,2023-08-31
205,Rohan Gupta,rohan.gupta205@example.com,West,Standard,2025-09-17
442,Isha Mehta,isha.mehta442@example.com,East,Premium,2021-10-03
4111,Aarav Patel,aarav.patel4111@example.com,North,Premium,2025-01-17
1489,Aditi Malhotra,aditi.malhotra1489@example.com,West,Premium,2021-06-23
1105,Rohan Malhotra,rohan.malhotra1105@example.com,West,Standard,2025-06-04
1297,Pooja Mishra,pooja.mishra1297@example.com,West,Premium,2023-07-20
920,Neha Verma,neha.verma920@example.com,West,Standard,2022-12-29
3425,Rahul Mehta,rahul.mehta3425@example.com,West,Premium,2024-03-29
4519,Aditi Iyer,aditi.iyer4519@example.com,South,Standard,2023-04-22
25,Sneha Kapoor,sneha.kapoor25@example.com,East,Premium,2021-03-19
358,Kavya Joshi,kavya.joshi358@example.com,East,Premium,2024-04-03
2778,Aditi Reddy,aditi.reddy2778@example.com,North,Premium,2025-02-04
2396,Neha Iyer,neha.iyer2396@example.com,East,Standard,2023-11-25
1350,Aditya Desai,aditya.desai1350@example.com,North,Premium,2023-08-26
3888,Aditya Malhotra,aditya.malhotra3888@example.com,East,Premium,2022-12-05
517,Sneha Nair,sneha.nair517@example.com,North,Standard,2023-07-19
4224,Neha Mishra,neha.mishra4224@example.com,West,Standard,2023-05-13
2919,Priya Nair,priya.nair2919@example.com,East,Standard,2021-12-10
2459,Vivaan Reddy,vivaan.reddy2459@example.com,East,Standard,2021-05-06
2263,Aditi Kapoor,aditi.kapoor2263@example.com,South,Premium,2024-09-06
2982,Yash Nair,yash.nair2982@example.com,North,Standard,2023-09-20
1227,Aditya Mehta,aditya.mehta1227@example.com,North,Standard,2022-06-01
2600,Rohan Kapoor,rohan.kapoor2600@example.com,East,Standard,2025-10-23
2355,Karan Sharma,karan.sharma2355@example.com,North,Premium,2024-04-26
705,Rohan Malhotra,rohan.malhotra705@example.com,West,Standard,2025-07-13
2040,Kabir Singh,kabir.singh2040@example.com,South,Standard,2022-01-06
3700,Neha Iyer,neha.iyer3700@example.com,North,Standard,2021-06-22
3453,Rohan Kapoor,rohan.kapoor3453@example.com,South,Standard,2025-03-22
1814,Isha Nair,isha.nair1814@example.com,West,Premium,2024-09-15
533,Meera Reddy,meera.reddy533@example.com,South,Premium,2024-03-29
4643,Priya Sharma,priya.sharma4643@example.com,East,Premium,2021-04-18
785,Kabir Joshi,kabir.joshi785@example.com,West,Standard,2022-09-10
421,Aditi Reddy,aditi.reddy421@example.com,South,Standard,2024-10-31
4307,Diya Joshi,diya.joshi4307@example.com,East,Premium,2023-12-23
913,Isha Sharma,isha.sharma913@example.com,East,Standard,2023-02-22
1828,Ananya Desai,ananya.desai1828@example.com,North,Premium,2023-12-25
3546,Priya Iyer,priya.iyer3546@example.com,West,Standard,2022-11-18
3821,Karan Singh,karan.singh3821@example.com,North,Standard,2024-09-02
521,Kavya Verma,kavya.verma521@example.com,West,Premium,2025-02-12
4731,Kavya Nair,kavya.nair4731@example.com,South,Standard,2024-10-19
3221,Kabir Shah,kabir.shah3221@example.com,North,Premium,2025-08-31
4238,Aditya Sharma,aditya.sharma4238@example.com,West,Premium,2023-12-12
2848,Arjun Malhotra,arjun.malhotra2848@example.com,West,Standard,2022-03-26
1510,Yash Singh,yash.singh1510@example.com,South,Premium,2021-02-18
4718,Pooja Patel,pooja.patel4718@example.com,North,Premium,2024-05-12
4151,Arjun Reddy,arjun.reddy4151@example.com,North,Premium,2025-10-20
2179,Pooja Mehta,pooja.mehta2179@example.com,West,Premium,2021-08-16
367,Kabir Singh,kabir.singh367@example.com,East,Standard,2024-09-14
4838,Aditya Malhotra,aditya.malhotra4838@example.com,West,Standard,2025-04-25
2731,Isha Reddy,isha.reddy2731@example.com,East,Standard,2021-11-28
2098,Aditya Singh,aditya.singh2098@example.com,North,Standard,2023-03-07
4093,Ananya Sharma,ananya.sharma4093@example.com,East,Standard,2021-12-31
2945,Meera Patel,meera.patel2945@example.com,West,Premium,2024-06-03
2524,Diya Mehta,diya.mehta2524@example.com,West,Premium,2021-10-22
4668,Sneha Nair,sneha.nair4668@example.com,West,Premium,2024-06-11
1563,Arjun Mishra,arjun.mishra1563@example.com,West,Standard,2021-07-31
1979,Vivaan Patel,vivaan.patel1979@example.com,North,Standard,2025-05-11
3282,Meera Sharma,meera.sharma3282@example.com,West,Premium,2024-08-30
2651,Aarav Mishra,aarav.mishra2651@example.com,North,Standard,2022-06-30
4160,Rohan Reddy,rohan.reddy4160@example.com,East,Standard,2024-03-22
2354,Aarav Desai,aarav.desai2354@example.com,West,Standard,2023-06-13
4428,Diya Iyer,diya.iyer4428@example.com,North,Premium,2021-01-07
1529,Diya Reddy,diya.reddy1529@example.com,West,Premium,2024-03-07
2560,Sneha Mishra,sneha.mishra2560@example.com,East,Standard,2024-10-28
697,Yash Verma,yash.verma697@example.com,North,Premium,2023-01-19
3739,Sneha Iyer,sneha.iyer3739@example.com,East,Premium,2025-09-19
2869,Meera Nair,meera.nair2869@example.com,East,Premium,2021-12-28
4200,Sneha Sharma,sneha.sharma4200@example.com,West,Premium,2022-09-05
111,Diya Mishra,diya.mishra111@example.com,North,Standard,2023-09-24
4861,Aditya Mishra,aditya.mishra4861@example.com,West,Premium,2021-10-14
318,Vivaan Gupta,vivaan.gupta318@example.com,North,Premium,2023-09-29
2120,Diya Patel,diya.patel2120@example.com,East,Standard,2023-12-30
294,Meera Sharma,meera.sharma294@example.com,North,Standard,2021-04-25
1885,Ananya Nair,ananya.nair1885@example.com,North,Standard,2021-08-31
828,Vikram Nair,vikram.nair828@example.com,West,Premium,2025-02-26
4396,Kavya Gupta,kavya.gupta4396@example.com,North,Premium,2025-02-15
3450,Rohan Joshi,rohan.joshi3450@example.com,North,Standard,2024-06-20
4348,Vivaan Gupta,vivaan.gupta4348@example.com,South,Premium,2021-12-19
2898,Vivaan Mishra,vivaan.mishra2898@example.com,East,Premium,2023-07-24
3287,Pooja Mehta,pooja.mehta3287@example.com,North,Premium,2021-08-22
4016,Aditi Kapoor,aditi.kapoor4016@example.com,South,Premium,2025-07-06
1918,Vikram Verma,vikram.verma1918@example.com,East,Standard,2022-10-27
326,Arjun Malhotra,arjun.malhotra326@example.com,South,Standard,2025-09-10
586,Vikram Nair,vikram.nair586@example.com,North,Premium,2022-11-19
532,Aditya Patel,aditya.patel532@example.com,East,Premium,2025-04-01
4579,Isha Mehta,isha.mehta4579@example.com,East,Premium,2023-06-18
2791,Rahul Mishra,rahul.mishra2791@example.com,North,Premium,2021-07-24
4717,Pooja Verma,pooja.verma4717@example.com,South,Premium,2025-12-07
3338,Aditi Patel,aditi.patel3338@example.com,North,Premium,2022-01-03
125,Aditya Reddy,aditya.reddy125@example.com,East,Standard,2024-11-21
648,Aditi Reddy,aditi.reddy648@example.com,South,Premium,2021-10-21
4248,Karan Desai,karan.desai4248@example.com,West,Standard,2022-05-05
212,Kabir Kapoor,kabir.kapoor212@example.com,North,Premium,2025-01-08
3982,Aditi Kapoor,aditi.kapoor3982@example.com,North,Standard,2022-12-14
2720,Isha Sharma,isha.sharma2720@example.com,South,Premium,2021-08-29
655,Neha Patel,neha.patel655@example.com,East,Premium,2023-08-09
734,Vikram Singh,vikram.singh734@example.com,North,Premium,2021-08-19
1520,Rohan Malhotra,rohan.malhotra1520@example.com,West,Standard,2021-12-28
2715,Kabir Malhotra,kabir.malhotra2715@example.com,North,Premium,2024-08-13
1238,Priya Singh,priya.singh1238@example.com,South,Standard,2022-05-30
4227,Ananya Kapoor,ananya.kapoor4227@example.com,West,Premium,2021-08-02
3666,Vivaan Mishra,vivaan.mishra3666@example.com,South,Premium,2025-05-28
823,Aarav Joshi,aarav.joshi823@example.com,North,Premium,2022-04-27
2599,Meera Kapoor,meera.kapoor2599@example.com,East,Standard,2022-02-12
4506,Ananya Gupta,ananya.gupta4506@example.com,North,Standard,2022-04-12
153,Arjun Gupta,arjun.gupta153@example.com,West,Premium,2023-02-09
858,Rahul Patel,rahul.patel858@example.com,West,Standard,2021-04-22
228,Isha Mehta,isha.mehta228@example.com,South,Standard,2021-12-31
3853,Diya Shah,diya.shah3853@example.com,South,Standard,2025-01-14
4267,Vikram Malhotra,vikram.malhotra4267@example.com,East,Standard,2022-02-19
413,Ananya Mehta,ananya.mehta413@example.com,North,Premium,2022-07-29
2475,Rohan Patel,rohan.patel2475@example.com,West,Standard,2023-05-07
2776,Kabir Nair,kabir.nair2776@example.com,East,Premium,2025-12-21
2627,Yash Kapoor,yash.kapoor2627@example.com,South,Premium,2024-03-29
3691,Sneha Iyer,sneha.iyer3691@example.com,South,Premium,2023-04-24
204,Neha Joshi,neha.joshi204@example.com,South,Standard,2025-09-11
3847,Meera Singh,meera.singh3847@example.com,North,Standard,2025-02-16
2077,Rahul Gupta,rahul.gupta2077@example.com,East,Standard,2024-04-01
3148,Rahul Mishra,rahul.mishra3148@example.com,South,Premium,2023-05-06
1923,Vivaan Sharma,vivaan.sharma1923@example.com,West,Premium,2023-05-22
4511,Neha Verma,neha.verma4511@example.com,West,Premium,2023-07-16
1912,Aditi Gupta,aditi.gupta1912@example.com,North,Premium,2024-11-20
2456,Isha Gupta,isha.gupta2456@example.com,South,Standard,2022-08-29
1540,Rahul Malhotra,rahul.malhotra1540@example.com,North,Premium,2023-09-10
3433,Yash Mehta,yash.mehta3433@example.com,West,Premium,2023-07-21
467,Meera Nair,meera.nair467@example.com,South,Standard,2022-01-14
4709,Priya Malhotra,priya.malhotra4709@example.com,West,Premium,2025-10-29
1322,Aditya Verma,aditya.verma1322@example.com,East,Premium,2022-08-31
2746,Isha Nair,isha.nair2746@example.com,East,Premium,2025-06-02
2477,Aditya Kapoor,aditya.kapoor2477@example.com,East,Premium,2023-11-21
2774,Priya Mishra,priya.mishra2774@example.com,North,Premium,2023-02-24
3317,Priya Joshi,priya.joshi3317@example.com,North,Standard,2023-01-21
3980,Kabir Malhotra,kabir.malhotra3980@example.com,North,Premium,2021-10-11
644,Ananya Gupta,ananya.gupta644@example.com,North,Standard,2025-02-19
3717,Kavya Iyer,kavya.iyer3717@example.com,South,Premium,2022-10-19
141,Priya Mishra,priya.mishra141@example.com,East,Standard,2022-07-22
1517,Vivaan Patel,vivaan.patel1517@example.com,East,Standard,2023-07-16
3760,Aditi Desai,aditi.desai3760@example.com,North,Standard,2024-12-24
864,Sneha Malhotra,sneha.malhotra864@example.com,East,Standard,2024-06-25
3269,Priya Nair,priya.nair3269@example.com,North,Premium,2025-12-16
2032,Meera Patel,meera.patel2032@example.com,North,Standard,2022-01-02
884,Yash Patel,yash.patel884@example.com,North,Premium,2022-07-20
2081,Arjun Reddy,arjun.reddy2081@example.com,South,Standard,2021-11-05
4659,Vikram Desai,vikram.desai4659@example.com,North,Standard,2023-05-04
4450,Sneha Mishra,sneha.mishra4450@example.com,South,Standard,2022-12-12
91,Isha Joshi,isha.joshi91@example.com,North,Standard,2022-01-23
99,Aditya Sharma,aditya.sharma99@example.com,South,Standard,2023-04-24
2899,Kavya Shah,kavya.shah2899@example.com,East,Standard,2024-04-30
284,Neha Iyer,neha.iyer284@example.com,West,Standard,2022-09-15
689,Kavya Mehta,kavya.mehta689@example.com,East,Premium,2025-06-05
2956,Karan Gupta,karan.gupta2956@example.com,West,Standard,2022-08-14
4897,Vivaan Mehta,vivaan.mehta4897@example.com,East,Standard,2023-07-23
1615,Kabir Kapoor,kabir.kapoor1615@example.com,South,Standard,2022-01-09
1034,Kabir Iyer,kabir.iyer1034@example.com,South,Premium,2022-05-03
4097,Arjun Sharma,arjun.sharma4097@example.com,East,Premium,2023-06-22
2936,Karan Shah,karan.shah2936@example.com,South,Premium,2024-02-26
2368,Vivaan Malhotra,vivaan.malhotra2368@example.com,East,Standard,2021-10-30
3593,Priya Joshi,priya.joshi3593@example.com,South,Standard,2021-09-06
2307,Aarav Verma,aarav.verma2307@example.com,West,Premium,2023-07-28
3671,Ananya Mehta,ananya.mehta3671@example.com,North,Standard,2024-08-18
4008,Yash Joshi,yash.joshi4008@example.com,East,Premium,2025-06-26
3594,Kavya Reddy,kavya.reddy3594@example.com,West,Standard,2024-11-12
1192,Arjun Reddy,arjun.reddy1192@example.com,West,Premium,2021-10-13
915,Sneha Patel,sneha.patel915@example.com,East,Premium,2023-04-03
1110,Pooja Iyer,pooja.iyer1110@example.com,South,Standard,2023-01-02
547,Aditya Shah,aditya.shah547@example.com,North,Premium,2024-04-09
2453,Neha Gupta,neha.gupta2453@example.com,East,Premium,2021-02-16
3767,Aditya Desai,aditya.desai3767@example.com,West,Premium,2023-11-15
2221,Diya Gupta,diya.gupta2221@example.com,West,Standard,2024-05-20
3571,Pooja Desai,pooja.desai3571@example.com,North,Standard,2023-03-26
2972,Rohan Reddy,rohan.reddy2972@example.com,West,Standard,2023-03-02
1121,Priya Sharma,priya.sharma1121@example.com,East,Standard,2022-12-21
889,Yash Joshi,yash.joshi889@example.com,North,Premium,2025-01-30
1364,Meera Reddy,meera.reddy1364@example.com,West,Standard,2022-08-15
4697,Kabir Nair,kabir.nair4697@example.com,West,Standard,2021-10-13
3764,Kavya Kapoor,kavya.kapoor3764@example.com,North,Premium,2022-03-02
1730,Yash Joshi,yash.joshi1730@example.com,East,Premium,2024-04-24
4263,Diya Patel,diya.patel4263@example.com,North,Standard,2024-08-01
3993,Karan Verma,karan.verma3993@example.com,South,Standard,2024-12-25
2629,Kavya Nair,kavya.nair2629@example.com,South,Premium,2022-01-16
3919,Diya Singh,diya.singh3919@example.com,West,Premium,2025-08-13
4587,Yash Iyer,yash.iyer4587@example.com,East,Standard,2024-02-20
3573,Meera Gupta,meera.gupta3573@example.com,North,Premium,2021-11-12
1235,Karan Singh,karan.singh1235@example.com,West,Premium,2024-09-01
3534,Yash Verma,yash.verma3534@example.com,South,Standard,2024-11-09
4555,Rahul Sharma,rahul.sharma4555@example.com,North,Standard,2023-10-07
2602,Aditya Kapoor,aditya.kapoor2602@example.com,East,Standard,2024-03-04
3931,Isha Iyer,isha.iyer3931@example.com,East,Standard,2024-11-22
1449,Arjun Shah,arjun.shah1449@example.com,North,Standard,2021-11-30
4270,Kavya Sharma,kavya.sharma4270@example.com,South,Standard,2023-08-03
3654,Rohan Shah,rohan.shah3654@example.com,South,Premium,2022-07-13
2792,Priya Verma,priya.verma2792@example.com,East,Premium,2022-08-17
2025,Yash Desai,yash.desai2025@example.com,North,Premium,2025-04-19
4619,Kabir Nair,kabir.nair4619@example.com,North,Premium,2024-01-19
1960,Ananya Iyer,ananya.iyer1960@example.com,East,Standard,2022-07-10
2738,Priya Patel,priya.patel2738@example.com,East,Premium,2021-01-27
779,Rohan Desai,rohan.desai779@example.com,East,Standard,2025-05-14
1424,Aditi Verma,aditi.verma1424@example.com,East,Premium,2021-07-29
4736,Vikram Mehta,vikram.mehta4736@example.com,South,Premium,2025-06-17
4053,Sneha Kapoor,sneha.kapoor4053@example.com,North,Standard,2023-08-02
1458,Aditya Patel,aditya.patel1458@example.com,South,Premium,2023-09-10
745,Priya Singh,priya.singh745@example.com,East,Premium,2025-08-01
4854,Meera Mishra,meera.mishra4854@example.com,East,Premium,2024-12-24
598,Yash Sharma,yash.sharma598@example.com,North,Premium,2021-09-21
4219,Rohan Reddy,rohan.reddy4219@example.com,South,Standard,2021-09-14
289,Vikram Mehta,vikram.mehta289@example.com,North,Standard,2024-11-15
3018,Arjun Patel,arjun.patel3018@example.com,North,Standard,2025-04-01
3365,Isha Sharma,isha.sharma3365@example.com,South,Premium,2021-03-09
4790,Neha Kapoor,neha.kapoor4790@example.com,North,Standard,2021-09-01
2620,Karan Sharma,karan.sharma2620@example.com,North,Standard,2024-09-29
3460,Aarav Nair,aarav.nair3460@example.com,North,Premium,2024-05-17
423,Vikram Kapoor,vikram.kapoor423@example.com,South,Premium,2024-10-05
20,Priya Sharma,priya.sharma20@example.com,North,Premium,2025-09-29
4120,Karan Kapoor,karan.kapoor4120@example.com,East,Standard,2021-11-25
2473,Neha Nair,neha.nair2473@example.com,South,Premium,2021-07-22
647,Kavya Nair,kavya.nair647@example.com,North,Premium,2025-01-05
3210,Vikram Singh,vikram.singh3210@example.com,South,Premium,2025-01-25
4440,Arjun Mishra,arjun.mishra4440@example.com,South,Standard,2023-01-21
3377,Kavya Mehta,kavya.mehta3377@example.com,West,Premium,2022-01-06
1783,Priya Verma,priya.verma1783@example.com,West,Premium,2023-11-20
526,Rahul Verma,rahul.verma526@example.com,North,Standard,2021-09-11
2544,Meera Patel,meera.patel2544@example.com,South,Standard,2025-04-11
3277,Priya Reddy,priya.reddy3277@example.com,East,Premium,2021-06-18
30,Ananya Joshi,ananya.joshi30@example.com,North,Standard,2022-08-04
69,Meera Kapoor,meera.kapoor69@example.com,East,Standard,2022-04-08
4387,Sneha Verma,sneha.verma4387@example.com,East,Standard,2022-01-22
795,Aditya Mishra,aditya.mishra795@example.com,West,Standard,2022-01-03
106,Aarav Malhotra,aarav.malhotra106@example.com,West,Premium,2023-03-23
4364,Meera Desai,meera.desai4364@example.com,North,Premium,2021-10-21
411,Diya Verma,diya.verma411@example.com,North,Premium,2021-05-13
2657,Priya Gupta,priya.gupta2657@example.com,East,Premium,2024-05-03
4115,Diya Patel,diya.patel4115@example.com,South,Standard,2025-01-25
3955,Aditi Singh,aditi.singh3955@example.com,East,Standard,2022-12-31
227,Aditi Malhotra,aditi.malhotra227@example.com,West,Standard,2023-11-14
2905,Karan Mehta,karan.mehta2905@example.com,West,Premium,2021-09-08
577,Karan Joshi,karan.joshi577@example.com,West,Premium,2024-07-10
4564,Rohan Sharma,rohan.sharma4564@example.com,North,Premium,2025-08-28
2971,Aditya Joshi,aditya.joshi2971@example.com,North,Premium,2023-02-23
2002,Pooja Malhotra,pooja.malhotra2002@example.com,East,Premium,2022-09-13
4932,Pooja Kapoor,pooja.kapoor4932@example.com,North,Premium,2024-09-15
3682,Neha Nair,neha.nair3682@example.com,West,Standard,2022-02-18
1112,Yash Malhotra,yash.malhotra1112@example.com,West,Standard,2023-10-31
708,Karan Desai,karan.desai708@example.com,East,Premium,2025-04-14
4177,Vivaan Verma,vivaan.verma4177@example.com,North,Standard,2023-07-11
4148,Ananya Iyer,ananya.iyer4148@example.com,West,Standard,2023-07-31
1609,Vivaan Sharma,vivaan.sharma1609@example.com,South,Standard,2025-12-17
1703,Kabir Joshi,kabir.joshi1703@example.com,West,Premium,2022-10-02
3531,Diya Joshi,diya.joshi3531@example.com,North,Standard,2024-09-13
833,Sneha Malhotra,sneha.malhotra833@example.com,West,Standard,2024-02-26
4710,Kabir Desai,kabir.desai4710@example.com,North,Standard,2022-06-24
190,Aditi Kapoor,aditi.kapoor190@example.com,West,Standard,2025-04-19
2191,Yash Shah,yash.shah2191@example.com,North,Premium,2024-04-24
3527,Vivaan Mehta,vivaan.mehta3527@example.com,East,Standard,2025-07-16
2238,Kavya Sharma,kavya.sharma2238@example.com,East,Standard,2021-07-19
250,Isha Shah,isha.shah250@example.com,East,Standard,2022-12-21
2539,Vivaan Malhotra,vivaan.malhotra2539@example.com,South,Premium,2022-04-26
1388,Yash Kapoor,yash.kapoor1388@example.com,North,Premium,2025-11-15
4009,Yash Patel,yash.patel4009@example.com,East,Premium,2021-02-10
2093,Sneha Shah,sneha.shah2093@example.com,North,Standard,2024-09-09
4155,Isha Kapoor,isha.kapoor4155@example.com,West,Standard,2021-02-11
208,Aditi Kapoor,aditi.kapoor208@example.com,North,Standard,2023-02-13
1964,Kavya Verma,kavya.verma1964@example.com,East,Premium,2025-07-14
483,Aditi Patel,aditi.patel483@example.com,South,Standard,2023-10-15
175,Neha Nair,neha.nair175@example.com,East,Premium,2024-06-13
4888,Yash Shah,yash.shah4888@example.com,West,Premium,2023-10-15
2408,Aditya Iyer,aditya.iyer2408@example.com,South,Standard,2022-06-28
2767,Vivaan Singh,vivaan.singh2767@example.com,West,Premium,2024-07-03
848,Aditya Reddy,aditya.reddy848@example.com,North,Standard,2022-07-14
2114,Aditya Kapoor,aditya.kapoor2114@example.com,West,Standard,2022-03-06
4453,Priya Nair,priya.nair4453@example.com,North,Standard,2023-10-31
502,Yash Verma,yash.verma502@example.com,East,Premium,2023-04-29
3752,Diya Singh,diya.singh3752@example.com,West,Premium,2025-12-10
2377,Aarav Malhotra,aarav.malhotra2377@example.com,South,Standard,2022-03-13
3304,Meera Singh,meera.singh3304@example.com,West,Premium,2023-12-06
193,Vikram Shah,vikram.shah193@example.com,West,Premium,2022-05-08
1291,Rohan Reddy,rohan.reddy1291@example.com,East,Standard,2023-04-21
1245,Ananya Iyer,ananya.iyer1245@example.com,North,Premium,2025-09-29
2018,Isha Singh,isha.singh2018@example.com,East,Premium,2022-06-10
4216,Pooja Gupta,pooja.gupta4216@example.com,West,Premium,2021-08-21
1515,Rohan Gupta,rohan.gupta1515@example.com,North,Premium,2025-06-21
3618,Yash Joshi,yash.joshi3618@example.com,West,Standard,2023-05-15
1618,Vivaan Gupta,vivaan.gupta1618@example.com,South,Standard,2021-10-07
564,Aarav Singh,aarav.singh564@example.com,East,Premium,2024-08-12
3144,Vivaan Reddy,vivaan.reddy3144@example.com,West,Premium,2021-04-24
2514,Aditya Shah,aditya.shah2514@example.com,East,Premium,2023-04-14
4513,Priya Malhotra,priya.malhotra4513@example.com,North,Standard,2025-09-16
1612,Rohan Gupta,rohan.gupta1612@example.com,North,Premium,2023-12-05
2510,Kavya Nair,kavya.nair2510@example.com,East,Standard,2025-12-17
348,Aditya Gupta,aditya.gupta348@example.com,North,Standard,2022-11-06
1028,Kavya Reddy,kavya.reddy1028@example.com,West,Premium,2023-05-17
4467,Vikram Mehta,vikram.mehta4467@example.com,North,Premium,2022-03-15
631,Karan Joshi,karan.joshi631@example.com,West,Standard,2025-11-03
1910,Kavya Sharma,kavya.sharma1910@example.com,West,Standard,2024-12-03
974,Arjun Shah,arjun.shah974@example.com,West,Standard,2024-10-30
4765,Rahul Singh,rahul.singh4765@example.com,South,Standard,2023-09-01
3332,Priya Iyer,priya.iyer3332@example.com,East,Premium,2024-08-14
956,Pooja Sharma,pooja.sharma956@example.com,North,Premium,2022-06-03
2325,Sneha Verma,sneha.verma2325@example.com,East,Standard,2025-07-22
1378,Arjun Desai,arjun.desai1378@example.com,South,Standard,2023-03-07
3007,Aarav Mishra,aarav.mishra3007@example.com,West,Standard,2022-09-09
4471,Aditya Mishra,aditya.mishra4471@example.com,South,Standard,2022-03-07
3065,Kabir Mishra,kabir.mishra3065@example.com,West,Standard,2025-12-07
52,Isha Nair,isha.nair52@example.com,North,Standard,2025-11-10
3267,Aditya Iyer,aditya.iyer3267@example.com,West,Standard,2025-02-18
4613,Isha Mishra,isha.mishra4613@example.com,East,Standard,2025-12-01
4159,Arjun Iyer,arjun.iyer4159@example.com,South,Standard,2023-11-03
3716,Aditya Shah,aditya.shah3716@example.com,West,Standard,2023-07-18
4692,Aarav Nair,aarav.nair4692@example.com,North,Premium,2024-07-14
563,Meera Nair,meera.nair563@example.com,South,Premium,2023-04-01
1000,Vikram Malhotra,vikram.malhotra1000@example.com,East,Standard,2024-03-25
2694,Aditya Patel,aditya.patel2694@example.com,South,Premium,2023-11-24
197,Rohan Iyer,rohan.iyer197@example.com,West,Standard,2023-07-14
670,Aditi Iyer,aditi.iyer670@example.com,South,Standard,2021-12-22
2141,Kavya Iyer,kavya.iyer2141@example.com,East,Standard,2022-02-11
4156,Aditya Verma,aditya.verma4156@example.com,East,Premium,2023-03-17
4714,Diya Iyer,diya.iyer4714@example.com,South,Premium,2021-02-17
3627,Sneha Malhotra,sneha.malhotra3627@example.com,South,Premium,2023-08-06
4946,Vikram Singh,vikram.singh4946@example.com,South,Premium,2023-04-02
3630,Pooja Verma,pooja.verma3630@example.com,East,Premium,2021-07-02
3596,Priya Mehta,priya.mehta3596@example.com,North,Premium,2025-01-11
1542,Neha Verma,neha.verma1542@example.com,West,Standard,2021-08-31
2645,Rahul Reddy,rahul.reddy2645@example.com,South,Premium,2025-11-01
2809,Karan Singh,karan.singh2809@example.com,West,Standard,2021-09-24
4966,Isha Iyer,isha.iyer4966@example.com,South,Premium,2025-08-15
587,Yash Reddy,yash.reddy587@example.com,South,Standard,2022-01-05
2754,Isha Nair,isha.nair2754@example.com,South,Premium,2022-08-18
2268,Karan Gupta,karan.gupta2268@example.com,West,Premium,2023-01-28
2323,Kavya Malhotra,kavya.malhotra2323@example.com,West,Premium,2021-01-22
2494,Aditi Mehta,aditi.mehta2494@example.com,East,Standard,2024-11-07
4141,Vikram Reddy,vikram.reddy4141@example.com,West,Standard,2025-02-16
3669,Pooja Singh,pooja.singh3669@example.com,North,Premium,2024-02-15
764,Vivaan Sharma,vivaan.sharma764@example.com,East,Premium,2023-08-23
754,Priya Kapoor,priya.kapoor754@example.com,North,Premium,2022-06-04
1201,Neha Kapoor,neha.kapoor1201@example.com,West,Standard,2023-03-20
1927,Priya Mehta,priya.mehta1927@example.com,North,Premium,2022-06-18
2102,Kabir Desai,kabir.desai2102@example.com,West,Standard,2025-12-03
2003,Meera Mehta,meera.mehta2003@example.com,North,Standard,2024-12-25
2640,Neha Verma,neha.verma2640@example.com,South,Standard,2021-08-28
2226,Ananya Sharma,ananya.sharma2226@example.com,South,Standard,2025-11-21
3466,Karan Reddy,karan.reddy3466@example.com,East,Standard,2022-08-03
3804,Karan Kapoor,karan.kapoor3804@example.com,East,Standard,2023-06-12
2488,Kabir Shah,kabir.shah2488@example.com,West,Premium,2024-02-13
4121,Meera Sharma,meera.sharma4121@example.com,South,Premium,2021-04-22
3648,Rahul Mehta,rahul.mehta3648@example.com,North,Standard,2022-06-17
3191,Kabir Reddy,kabir.reddy3191@example.com,West,Standard,2021-08-26
579,Aditi Sharma,aditi.sharma579@example.com,West,Standard,2024-12-23
760,Sneha Joshi,sneha.joshi760@example.com,West,Standard,2021-08-19
3975,Rohan Patel,rohan.patel3975@example.com,East,Premium,2022-02-22
3384,Yash Mehta,yash.mehta3384@example.com,South,Standard,2024-02-28
3493,Kavya Gupta,kavya.gupta3493@example.com,North,Premium,2023-05-03
219,Aditya Gupta,aditya.gupta219@example.com,West,Premium,2025-12-23
3816,Ananya Sharma,ananya.sharma3816@example.com,East,Premium,2023-03-19
4746,Priya Kapoor,priya.kapoor4746@example.com,North,Standard,2021-11-11
2808,Aarav Patel,aarav.patel2808@example.com,West,Standard,2023-07-19
4114,Karan Kapoor,karan.kapoor4114@example.com,North,Standard,2021-03-31
2207,Pooja Joshi,pooja.joshi2207@example.com,East,Premium,2022-03-09
1866,Vivaan Nair,vivaan.nair1866@example.com,East,Standard,2025-06-23
3558,Vivaan Reddy,vivaan.reddy3558@example.com,North,Standard,2021-07-09
605,Diya Singh,diya.singh605@example.com,South,Premium,2025-04-28
3935,Diya Patel,diya.patel3935@example.com,North,Premium,2021-11-30
4178,Diya Nair,diya.nair4178@example.com,West,Standard,2024-08-18
2860,Rohan Patel,rohan.patel2860@example.com,East,Standard,2025-06-29
2519,Isha Reddy,isha.reddy2519@example.com,East,Premium,2023-01-06
494,Arjun Iyer,arjun.iyer494@example.com,East,Premium,2023-09-30
4371,Meera Mishra,meera.mishra4371@example.com,West,Standard,2022-07-04
3430,Kavya Kapoor,kavya.kapoor3430@example.com,West,Premium,2025-03-30
1661,Isha Nair,isha.nair1661@example.com,East,Premium,2023-06-09
4935,Isha Patel,isha.patel4935@example.com,North,Standard,2023-08-08
261,Rahul Malhotra,rahul.malhotra261@example.com,South,Standard,2023-12-16
2855,Neha Patel,neha.patel2855@example.com,East,Standard,2023-06-15
2506,Aditya Mishra,aditya.mishra2506@example.com,West,Standard,2021-11-01
2962,Rohan Malhotra,rohan.malhotra2962@example.com,East,Premium,2023-12-08
2786,Isha Singh,isha.singh2786@example.com,North,Premium,2021-04-03
652,Neha Patel,neha.patel652@example.com,West,Standard,2021-07-13
2496,Meera Malhotra,meera.malhotra2496@example.com,East,Standard,2022-06-06
441,Kavya Patel,kavya.patel441@example.com,North,Premium,2025-02-25
4666,Meera Mehta,meera.mehta4666@example.com,South,Standard,2021-04-03
1957,Aditya Verma,aditya.verma1957@example.com,East,Standard,2024-04-17
4660,Meera Nair,meera.nair4660@example.com,West,Standard,2022-12-01
2199,Kabir Gupta,kabir.gupta2199@example.com,South,Premium,2025-03-10
2446,Pooja Singh,pooja.singh2446@example.com,North,Standard,2023-12-31
1638,Aarav Sharma,aarav.sharma1638@example.com,West,Premium,2021-01-28
604,Kabir Malhotra,kabir.malhotra604@example.com,West,Standard,2024-11-17
4708,Diya Iyer,diya.iyer4708@example.com,West,Standard,2024-06-20
723,Pooja Shah,pooja.shah723@example.com,West,Standard,2021-06-29
1623,Rohan Mehta,rohan.mehta1623@example.com,North,Premium,2021-08-18
3480,Aarav Reddy,aarav.reddy3480@example.com,South,Premium,2022-03-05
4059,Aditi Malhotra,aditi.malhotra4059@example.com,South,Premium,2023-06-12
1399,Sneha Gupta,sneha.gupta1399@example.com,North,Standard,2025-04-26
515,Meera Mehta,meera.mehta515@example.com,West,Standard,2021-02-14
765,Arjun Mehta,arjun.mehta765@example.com,South,Standard,2023-09-21
3452,Aditi Sharma,aditi.sharma3452@example.com,West,Premium,2022-02-17
3976,Yash Kapoor,yash.kapoor3976@example.com,West,Premium,2022-11-15
1188,Aarav Patel,aarav.patel1188@example.com,West,Standard,2025-10-04
4055,Aditi Reddy,aditi.reddy4055@example.com,East,Premium,2023-09-26
4413,Diya Joshi,diya.joshi4413@example.com,West,Premium,2025-01-02
2282,Vivaan Desai,vivaan.desai2282@example.com,North,Standard,2024-03-26
4954,Ananya Desai,ananya.desai4954@example.com,North,Standard,2024-08-20
3871,Isha Mishra,isha.mishra3871@example.com,West,Premium,2023-10-11
2440,Pooja Malhotra,pooja.malhotra2440@example.com,East,Standard,2024-11-29
3337,Isha Sharma,isha.sharma3337@example.com,South,Standard,2025-01-27
4462,Vikram Joshi,vikram.joshi4462@example.com,East,Standard,2022-04-21
595,Neha Gupta,neha.gupta595@example.com,East,Standard,2021-09-26
3356,Yash Reddy,yash.reddy3356@example.com,West,Standard,2025-09-03
574,Priya Nair,priya.nair574@example.com,West,Premium,2024-06-27
98,Vikram Singh,vikram.singh98@example.com,North,Standard,2021-09-22
4110,Kabir Gupta,kabir.gupta4110@example.com,South,Standard,2021-07-26
4628,Isha Joshi,isha.joshi4628@example.com,East,Premium,2022-03-05
1599,Sneha Sharma,sneha.sharma1599@example.com,North,Standard,2025-12-10
2594,Karan Shah,karan.shah2594@example.com,South,Premium,2025-08-23
10,Neha Sharma,neha.sharma10@example.com,North,Standard,2023-06-01
281,Arjun Kapoor,arjun.kapoor281@example.com,South,Premium,2024-02-25
1575,Rahul Joshi,rahul.joshi1575@example.com,East,Standard,2025-05-27
3499,Priya Nair,priya.nair3499@example.com,North,Standard,2021-11-06
86,Neha Kapoor,neha.kapoor86@example.com,North,Premium,2023-06-16
4738,Meera Iyer,meera.iyer4738@example.com,North,Premium,2025-05-20
880,Pooja Kapoor,pooja.kapoor880@example.com,North,Premium,2023-11-05
3423,Arjun Mehta,arjun.mehta3423@example.com,North,Premium,2023-01-11
4142,Kabir Reddy,kabir.reddy4142@example.com,East,Standard,2025-04-10
3921,Neha Joshi,neha.joshi3921@example.com,North,Premium,2024-08-18
1255,Priya Shah,priya.shah1255@example.com,South,Premium,2025-10-04
2042,Vikram Joshi,vikram.joshi2042@example.com,West,Premium,2022-05-18
750,Aditi Shah,aditi.shah750@example.com,East,Premium,2021-06-24
4757,Karan Shah,karan.shah4757@example.com,West,Standard,2024-07-13
4430,Rahul Mehta,rahul.mehta4430@example.com,West,Premium,2021-10-10
536,Isha Verma,isha.verma536@example.com,West,Standard,2025-10-12
3943,Neha Nair,neha.nair3943@example.com,East,Premium,2023-06-26
4254,Rohan Nair,rohan.nair4254@example.com,North,Premium,2021-06-23
2821,Ananya Shah,ananya.shah2821@example.com,West,Premium,2023-06-08
3662,Vivaan Verma,vivaan.verma3662@example.com,North,Premium,2024-03-22
460,Vivaan Malhotra,vivaan.malhotra460@example.com,East,Standard,2023-04-04
4166,Sneha Iyer,sneha.iyer4166@example.com,East,Standard,2022-12-06
2529,Aarav Iyer,aarav.iyer2529@example.com,East,Premium,2024-12-05
3817,Diya Joshi,diya.joshi3817@example.com,South,Standard,2024-11-29
2793,Priya Mishra,priya.mishra2793@example.com,West,Premium,2025-12-10
3464,Yash Patel,yash.patel3464@example.com,North,Standard,2023-03-10
2681,Rohan Desai,rohan.desai2681@example.com,East,Premium,2021-07-10
2310,Neha Desai,neha.desai2310@example.com,East,Standard,2025-03-31
4520,Kabir Sharma,kabir.sharma4520@example.com,North,Standard,2022-05-10
2147,Yash Reddy,yash.reddy2147@example.com,West,Premium,2025-02-08
2402,Vivaan Iyer,vivaan.iyer2402@example.com,East,Standard,2024-07-08
1396,Neha Shah,neha.shah1396@example.com,North,Premium,2025-03-30
622,Arjun Joshi,arjun.joshi622@example.com,East,Premium,2023-07-18
1548,Ananya Gupta,ananya.gupta1548@example.com,South,Standard,2022-09-05
619,Yash Malhotra,yash.malhotra619@example.com,South,Standard,2023-12-01
4451,Rahul Patel,rahul.patel4451@example.com,East,Premium,2025-08-13
3892,Priya Joshi,priya.joshi3892@example.com,North,Premium,2024-12-28
176,Isha Iyer,isha.iyer176@example.com,West,Premium,2021-07-08
4616,Vivaan Verma,vivaan.verma4616@example.com,South,Standard,2022-03-16
2682,Meera Patel,meera.patel2682@example.com,East,Standard,2024-04-19
891,Sneha Desai,sneha.desai891@example.com,West,Standard,2024-04-11
4028,Aditi Malhotra,aditi.malhotra4028@example.com,West,Standard,2024-11-12
3071,Aditi Reddy,aditi.reddy3071@example.com,West,Premium,2021-10-23
374,Neha Mehta,neha.mehta374@example.com,West,Standard,2021-09-22
1334,Neha Iyer,neha.iyer1334@example.com,North,Premium,2023-07-22
2245,Aditi Sharma,aditi.sharma2245@example.com,South,Standard,2021-09-01
3525,Pooja Iyer,pooja.iyer3525@example.com,West,Premium,2021-09-05
2388,Priya Kapoor,priya.kapoor2388@example.com,East,Premium,2023-12-07
3419,Rohan Patel,rohan.patel3419@example.com,East,Standard,2023-02-06
3709,Yash Singh,yash.singh3709@example.com,West,Premium,2025-06-09
4924,Rohan Mehta,rohan.mehta4924@example.com,West,Premium,2022-09-17
1810,Yash Gupta,yash.gupta1810@example.com,South,Standard,2021-01-05
2724,Arjun Desai,arjun.desai2724@example.com,East,Premium,2025-11-18
2974,Vivaan Verma,vivaan.verma2974@example.com,West,Standard,2024-03-04
835,Meera Mishra,meera.mishra835@example.com,East,Standard,2023-09-01
3400,Pooja Mehta,pooja.mehta3400@example.com,South,Standard,2025-04-09
3344,Meera Malhotra,meera.malhotra3344@example.com,West,Premium,2025-11-10
4104,Ananya Patel,ananya.patel4104@example.com,West,Standard,2022-04-22
3449,Diya Shah,diya.shah3449@example.com,North,Standard,2025-02-16
4419,Karan Malhotra,karan.malhotra4419@example.com,North,Premium,2024-12-19
999,Aarav Kapoor,aarav.kapoor999@example.com,East,Premium,2024-08-11
4970,Sneha Patel,sneha.patel4970@example.com,South,Premium,2024-03-13
3516,Neha Gupta,neha.gupta3516@example.com,West,Premium,2021-09-04
254,Sneha Mehta,sneha.mehta254@example.com,North,Standard,2025-05-31
1526,Vikram Gupta,vikram.gupta1526@example.com,West,Premium,2025-07-11
4618,Sneha Kapoor,sneha.kapoor4618@example.com,East,Standard,2024-04-21
1281,Vivaan Joshi,vivaan.joshi1281@example.com,North,Standard,2023-06-15
1867,Kabir Verma,kabir.verma1867@example.com,North,Standard,2023-02-22
3475,Karan Patel,karan.patel3475@example.com,North,Premium,2024-01-15
569,Kabir Singh,kabir.singh569@example.com,South,Premium,2022-06-08
4987,Aditya Mehta,aditya.mehta4987@example.com,East,Standard,2024-10-21
1313,Kabir Sharma,kabir.sharma1313@example.com,East,Premium,2021-02-25
4682,Vivaan Singh,vivaan.singh4682@example.com,West,Premium,2022-10-18
3223,Rohan Verma,rohan.verma3223@example.com,East,Standard,2023-02-09
906,Arjun Sharma,arjun.sharma906@example.com,South,Premium,2025-03-21
1481,Pooja Kapoor,pooja.kapoor1481@example.com,South,Standard,2023-11-08
872,Neha Verma,neha.verma872@example.com,North,Standard,2021-05-05
4575,Ananya Joshi,ananya.joshi4575@example.com,West,Premium,2023-09-19
4056,Aarav Verma,aarav.verma4056@example.com,South,Premium,2022-07-06
1372,Sneha Kapoor,sneha.kapoor1372@example.com,North,Premium,2025-04-12
1478,Sneha Malhotra,sneha.malhotra1478@example.com,South,Standard,2024-03-09
1445,Isha Joshi,isha.joshi1445@example.com,North,Premium,2025-05-23
3606,Rohan Shah,rohan.shah3606@example.com,South,Premium,2024-01-06
3394,Isha Mishra,isha.mishra3394@example.com,West,Premium,2021-01-03
2671,Meera Iyer,meera.iyer2671@example.com,East,Premium,2021-01-02
416,Vivaan Mishra,vivaan.mishra416@example.com,West,Standard,2024-05-09
3121,Karan Iyer,karan.iyer3121@example.com,West,Standard,2025-09-22
4703,Vikram Kapoor,vikram.kapoor4703@example.com,East,Premium,2021-11-27
4984,Sneha Kapoor,sneha.kapoor4984@example.com,North,Standard,2021-07-03
1365,Diya Reddy,diya.reddy1365@example.com,North,Premium,2025-01-24
2464,Sneha Singh,sneha.singh2464@example.com,West,Premium,2024-06-04
1597,Neha Nair,neha.nair1597@example.com,East,Standard,2024-07-24
198,Karan Nair,karan.nair198@example.com,West,Standard,2022-05-19
79,Ananya Shah,ananya.shah79@example.com,South,Standard,2024-05-12
3099,Ananya Sharma,ananya.sharma3099@example.com,South,Premium,2024-05-31
2481,Aditi Sharma,aditi.sharma2481@example.com,North,Premium,2023-04-27
4691,Sneha Mishra,sneha.mishra4691@example.com,West,Standard,2024-01-08
468,Aditya Nair,aditya.nair468@example.com,North,Premium,2025-09-01
2031,Meera Malhotra,meera.malhotra2031@example.com,North,Standard,2025-07-23
2751,Diya Iyer,diya.iyer2751@example.com,East,Standard,2021-12-29
1126,Aarav Patel,aarav.patel1126@example.com,West,Standard,2022-01-31
395,Meera Sharma,meera.sharma395@example.com,South,Premium,2025-04-03
1681,Karan Malhotra,karan.malhotra1681@example.com,East,Premium,2021-07-04
1779,Pooja Malhotra,pooja.malhotra1779@example.com,East,Premium,2022-04-25
2479,Aditi Shah,aditi.shah2479@example.com,North,Standard,2023-10-07
3064,Pooja Gupta,pooja.gupta3064@example.com,North,Premium,2025-08-09
4333,Diya Patel,diya.patel4333@example.com,East,Standard,2021-12-16
185,Sneha Gupta,sneha.gupta185@example.com,South,Premium,2024-04-19
4418,Rohan Reddy,rohan.reddy4418@example.com,North,Premium,2022-06-16
4638,Kavya Iyer,kavya.iyer4638@example.com,South,Standard,2022-01-28
3643,Aarav Reddy,aarav.reddy3643@example.com,East,Standard,2021-01-05
2175,Isha Malhotra,isha.malhotra2175@example.com,North,Standard,2023-06-05
2389,Isha Singh,isha.singh2389@example.com,North,Standard,2023-10-12
306,Priya Desai,priya.desai306@example.com,North,Premium,2021-04-07
1573,Karan Mishra,karan.mishra1573@example.com,West,Standard,2022-10-10
3515,Aarav Verma,aarav.verma3515@example.com,South,Standard,2021-06-17
1562,Kavya Nair,kavya.nair1562@example.com,North,Premium,2024-11-13
434,Isha Patel,isha.patel434@example.com,South,Premium,2021-12-03
4433,Ananya Singh,ananya.singh4433@example.com,North,Premium,2021-02-27
2886,Aditi Verma,aditi.verma2886@example.com,North,Standard,2025-09-18
3936,Karan Gupta,karan.gupta3936@example.com,North,Standard,2022-05-04
1045,Ananya Iyer,ananya.iyer1045@example.com,North,Standard,2023-12-01
4185,Rahul Patel,rahul.patel4185@example.com,West,Premium,2024-07-04
3233,Meera Kapoor,meera.kapoor3233@example.com,North,Premium,2021-05-05
2169,Vivaan Verma,vivaan.verma2169@example.com,East,Premium,2025-05-22
3212,Rohan Sharma,rohan.sharma3212@example.com,West,Premium,2022-09-10
3252,Pooja Malhotra,pooja.malhotra3252@example.com,West,Premium,2021-07-28
1581,Vivaan Desai,vivaan.desai1581@example.com,North,Standard,2025-10-07
2083,Diya Verma,diya.verma2083@example.com,North,Standard,2022-04-23
1375,Pooja Nair,pooja.nair1375@example.com,North,Standard,2023-02-26
4189,Meera Nair,meera.nair4189@example.com,West,Premium,2022-11-27
1317,Aarav Joshi,aarav.joshi1317@example.com,East,Premium,2021-08-10
3219,Arjun Sharma,arjun.sharma3219@example.com,North,Premium,2024-03-19
3591,Rohan Malhotra,rohan.malhotra3591@example.com,East,Standard,2023-05-13
2554,Aditi Reddy,aditi.reddy2554@example.com,West,Premium,2022-05-13
21,Rohan Nair,rohan.nair21@example.com,North,Premium,2021-09-19
4680,Yash Kapoor,yash.kapoor4680@example.com,West,Standard,2022-09-30
1008,Kavya Mishra,kavya.mishra1008@example.com,South,Premium,2023-08-20
865,Yash Kapoor,yash.kapoor865@example.com,East,Standard,2023-01-26
4995,Aarav Desai,aarav.desai4995@example.com,South,Premium,2022-05-02
777,Neha Iyer,neha.iyer777@example.com,North,Standard,2022-12-06
1717,Vikram Gupta,vikram.gupta1717@example.com,South,Premium,2022-12-01
1044,Vikram Malhotra,vikram.malhotra1044@example.com,West,Standard,2024-05-13
4035,Ananya Iyer,ananya.iyer4035@example.com,East,Standard,2023-05-08
1954,Ananya Mehta,ananya.mehta1954@example.com,North,Standard,2025-11-30
1819,Vivaan Joshi,vivaan.joshi1819@example.com,South,Premium,2024-08-01
3823,Rahul Reddy,rahul.reddy3823@example.com,South,Standard,2024-07-01
1869,Vikram Gupta,vikram.gupta1869@example.com,West,Standard,2025-07-12
549,Diya Gupta,diya.gupta549@example.com,West,Premium,2025-08-19
1577,Aarav Shah,aarav.shah1577@example.com,North,Premium,2023-01-03
1723,Aarav Desai,aarav.desai1723@example.com,North,Premium,2022-08-19
4835,Meera Gupta,meera.gupta4835@example.com,East,Premium,2021-03-02
4459,Vikram Gupta,vikram.gupta4459@example.com,East,Premium,2022-03-25
2942,Karan Reddy,karan.reddy2942@example.com,South,Standard,2025-10-02
1139,Sneha Gupta,sneha.gupta1139@example.com,South,Premium,2021-02-14
3442,Kabir Iyer,kabir.iyer3442@example.com,East,Premium,2021-02-12
4203,Rohan Verma,rohan.verma4203@example.com,North,Standard,2022-03-07
4383,Yash Joshi,yash.joshi4383@example.com,South,Standard,2025-07-16
195,Priya Malhotra,priya.malhotra195@example.com,South,Standard,2025-12-04
1159,Aditya Patel,aditya.patel1159@example.com,South,Premium,2025-06-16
1572,Vikram Gupta,vikram.gupta1572@example.com,West,Standard,2022-10-14
4310,Pooja Verma,pooja.verma4310@example.com,South,Premium,2025-04-12
2634,Pooja Kapoor,pooja.kapoor2634@example.com,South,Standard,2025-06-06
3226,Rohan Shah,rohan.shah3226@example.com,South,Premium,2024-07-13
1905,Karan Iyer,karan.iyer1905@example.com,South,Standard,2022-03-05
2542,Aditya Nair,aditya.nair2542@example.com,West,Premium,2021-12-09
4126,Neha Verma,neha.verma4126@example.com,East,Standard,2023-11-29
3723,Meera Mehta,meera.mehta3723@example.com,East,Standard,2023-12-13
2447,Aditi Reddy,aditi.reddy2447@example.com,West,Standard,2022-07-04
2805,Kavya Verma,kavya.verma2805@example.com,North,Premium,2022-03-26
1474,Vikram Joshi,vikram.joshi1474@example.com,South,Standard,2022-03-24
1203,Yash Verma,yash.verma1203@example.com,West,Premium,2025-09-22
4206,Priya Singh,priya.singh4206@example.com,North,Premium,2025-03-20
4196,Aditya Singh,aditya.singh4196@example.com,West,Standard,2022-04-17
42,Kavya Sharma,kavya.sharma42@example.com,West,Standard,2023-05-23
3841,Meera Joshi,meera.joshi3841@example.com,West,Standard,2023-01-23
2665,Aditi Shah,aditi.shah2665@example.com,East,Standard,2021-02-20
2704,Kabir Joshi,kabir.joshi2704@example.com,South,Standard,2024-08-14
4923,Aditya Shah,aditya.shah4923@example.com,North,Standard,2025-09-22
3108,Neha Desai,neha.desai3108@example.com,North,Standard,2022-04-12
982,Arjun Patel,arjun.patel982@example.com,North,Standard,2021-03-20
3926,Sneha Gupta,sneha.gupta3926@example.com,East,Premium,2024-10-14
543,Ananya Singh,ananya.singh543@example.com,East,Standard,2022-01-26
34,Pooja Mehta,pooja.mehta34@example.com,East,Premium,2025-04-27
2649,Yash Singh,yash.singh2649@example.com,East,Standard,2023-04-11
2889,Kavya Nair,kavya.nair2889@example.com,North,Standard,2024-09-01
3185,Neha Nair,neha.nair3185@example.com,South,Standard,2022-04-12
2249,Rahul Reddy,rahul.reddy2249@example.com,South,Standard,2022-04-24
2116,Neha Kapoor,neha.kapoor2116@example.com,West,Standard,2022-11-29
3260,Aditya Shah,aditya.shah3260@example.com,South,Standard,2025-04-27
669,Isha Gupta,isha.gupta669@example.com,West,Standard,2025-10-13
4898,Sneha Sharma,sneha.sharma4898@example.com,East,Premium,2024-03-28
1762,Rohan Singh,rohan.singh1762@example.com,North,Standard,2025-07-18
3397,Priya Shah,priya.shah3397@example.com,South,Standard,2023-05-22
685,Diya Nair,diya.nair685@example.com,East,Standard,2024-04-17
3349,Aarav Kapoor,aarav.kapoor3349@example.com,North,Premium,2021-11-11
3959,Ananya Kapoor,ananya.kapoor3959@example.com,West,Standard,2022-02-23
4733,Diya Patel,diya.patel4733@example.com,West,Premium,2023-08-31
822,Arjun Shah,arjun.shah822@example.com,West,Standard,2021-07-10
2004,Kabir Patel,kabir.patel2004@example.com,South,Premium,2025-08-20
2969,Pooja Joshi,pooja.joshi2969@example.com,North,Premium,2022-02-12
773,Aditya Mishra,aditya.mishra773@example.com,West,Standard,2022-02-26
2132,Rahul Singh,rahul.singh2132@example.com,North,Standard,2021-04-28
3984,Priya Desai,priya.desai3984@example.com,North,Premium,2022-11-01
4400,Isha Verma,isha.verma4400@example.com,South,Premium,2021-09-22
186,Sneha Verma,sneha.verma186@example.com,West,Premium,2023-03-08
846,Vikram Mehta,vikram.mehta846@example.com,South,Standard,2023-06-05
1550,Aditi Mehta,aditi.mehta1550@example.com,East,Premium,2023-10-27
4264,Meera Singh,meera.singh4264@example.com,South,Premium,2021-10-20
2049,Meera Patel,meera.patel2049@example.com,West,Premium,2023-12-13
4094,Ananya Mishra,ananya.mishra4094@example.com,West,Standard,2023-08-06
3561,Kavya Sharma,kavya.sharma3561@example.com,North,Standard,2024-08-16
3256,Meera Shah,meera.shah3256@example.com,East,Standard,2024-06-09
4893,Kabir Verma,kabir.verma4893@example.com,South,Premium,2024-06-19
3084,Isha Joshi,isha.joshi3084@example.com,West,Premium,2024-12-01
4279,Kavya Patel,kavya.patel4279@example.com,West,Premium,2022-05-06
4504,Kabir Singh,kabir.singh4504@example.com,East,Premium,2024-11-30
1518,Vikram Mishra,vikram.mishra1518@example.com,West,Standard,2025-04-10
2158,Sneha Patel,sneha.patel2158@example.com,East,Premium,2025-03-28
1982,Arjun Desai,arjun.desai1982@example.com,East,Standard,2023-07-13
3164,Kabir Singh,kabir.singh3164@example.com,South,Premium,2023-08-05
3939,Aarav Patel,aarav.patel3939@example.com,West,Standard,2022-12-05
1942,Diya Iyer,diya.iyer1942@example.com,South,Standard,2021-03-19
1316,Aarav Singh,aarav.singh1316@example.com,North,Premium,2022-11-01
2182,Meera Joshi,meera.joshi2182@example.com,West,Premium,2021-06-19
965,Sneha Malhotra,sneha.malhotra965@example.com,South,Standard,2021-10-15
2062,Aditi Iyer,aditi.iyer2062@example.com,East,Premium,2021-12-16
280,Aarav Kapoor,aarav.kapoor280@example.com,North,Premium,2022-08-26
54,Arjun Desai,arjun.desai54@example.com,West,Premium,2021-06-08
1439,Aarav Malhotra,aarav.malhotra1439@example.com,East,Premium,2023-06-22
3079,Priya Mehta,priya.mehta3079@example.com,South,Premium,2024-10-14
1345,Sneha Gupta,sneha.gupta1345@example.com,West,Premium,2025-09-10
4129,Neha Malhotra,neha.malhotra4129@example.com,North,Standard,2024-11-14
361,Yash Joshi,yash.joshi361@example.com,North,Premium,2021-04-10
2088,Diya Nair,diya.nair2088@example.com,South,Premium,2023-02-07
1738,Rahul Gupta,rahul.gupta1738@example.com,North,Premium,2023-05-14
1271,Aarav Sharma,aarav.sharma1271@example.com,East,Premium,2024-10-24
3952,Aditya Gupta,aditya.gupta3952@example.com,North,Premium,2025-01-22
2522,Kabir Sharma,kabir.sharma2522@example.com,West,Premium,2025-07-29
3142,Ananya Shah,ananya.shah3142@example.com,South,Premium,2024-01-15
1422,Diya Verma,diya.verma1422@example.com,North,Premium,2022-03-14
269,Arjun Shah,arjun.shah269@example.com,East,Premium,2021-01-31
2773,Diya Malhotra,diya.malhotra2773@example.com,East,Premium,2023-03-09
3050,Vikram Joshi,vikram.joshi3050@example.com,South,Premium,2024-09-09
3250,Karan Malhotra,karan.malhotra3250@example.com,East,Premium,2021-05-18
2564,Vikram Verma,vikram.verma2564@example.com,East,Standard,2021-07-28
4994,Sneha Nair,sneha.nair4994@example.com,South,Standard,2021-07-14
803,Pooja Shah,pooja.shah803@example.com,West,Premium,2022-11-12
722,Kabir Malhotra,kabir.malhotra722@example.com,East,Standard,2021-05-19
4781,Ananya Sharma,ananya.sharma4781@example.com,West,Standard,2023-11-13
728,Rahul Desai,rahul.desai728@example.com,North,Premium,2021-02-13
420,Pooja Nair,pooja.nair420@example.com,North,Standard,2022-04-30
4300,Isha Nair,isha.nair4300@example.com,South,Premium,2021-05-03
1610,Rohan Shah,rohan.shah1610@example.com,West,Standard,2022-02-18
2296,Rohan Verma,rohan.verma2296@example.com,South,Premium,2022-05-03
2747,Pooja Joshi,pooja.joshi2747@example.com,East,Premium,2022-07-24
1786,Ananya Malhotra,ananya.malhotra1786@example.com,North,Standard,2024-08-20
23,Yash Nair,yash.nair23@example.com,North,Premium,2025-10-01
2750,Ananya Shah,ananya.shah2750@example.com,South,Premium,2024-01-10
4957,Vivaan Mishra,vivaan.mishra4957@example.com,South,Premium,2024-05-30
4820,Diya Desai,diya.desai4820@example.com,East,Premium,2023-06-25
616,Aarav Patel,aarav.patel616@example.com,West,Premium,2022-01-30
3086,Vivaan Malhotra,vivaan.malhotra3086@example.com,South,Premium,2021-09-15
787,Aditya Mehta,aditya.mehta787@example.com,South,Premium,2023-11-06
2052,Aditya Verma,aditya.verma2052@example.com,West,Standard,2021-12-03
3674,Vikram Gupta,vikram.gupta3674@example.com,West,Premium,2024-05-25
3559,Rahul Singh,rahul.singh3559@example.com,East,Standard,2024-07-25
2977,Vikram Singh,vikram.singh2977@example.com,West,Premium,2023-01-07
3281,Diya Verma,diya.verma3281@example.com,South,Standard,2023-06-23
2115,Isha Desai,isha.desai2115@example.com,West,Premium,2025-08-06
1094,Aditi Sharma,aditi.sharma1094@example.com,West,Standard,2025-10-16
3454,Aditya Nair,aditya.nair3454@example.com,East,Premium,2024-02-07
2697,Kabir Singh,kabir.singh2697@example.com,West,Standard,2022-09-19
903,Meera Singh,meera.singh903@example.com,West,Standard,2021-05-28
4774,Ananya Mehta,ananya.mehta4774@example.com,West,Premium,2021-11-13
661,Vikram Sharma,vikram.sharma661@example.com,North,Standard,2023-10-04
3852,Diya Mishra,diya.mishra3852@example.com,West,Standard,2025-03-01
3859,Priya Verma,priya.verma3859@example.com,West,Standard,2024-08-05
1402,Kavya Patel,kavya.patel1402@example.com,West,Premium,2021-09-12
90,Diya Mishra,diya.mishra90@example.com,South,Premium,2025-04-12
1660,Isha Singh,isha.singh1660@example.com,East,Standard,2024-07-24
2862,Priya Reddy,priya.reddy2862@example.com,North,Standard,2023-05-19
2955,Rahul Gupta,rahul.gupta2955@example.com,West,Premium,2025-07-24
3385,Priya Malhotra,priya.malhotra3385@example.com,North,Premium,2022-06-20
2802,Pooja Joshi,pooja.joshi2802@example.com,South,Standard,2022-05-22
2327,Pooja Kapoor,pooja.kapoor2327@example.com,South,Premium,2021-08-28
1742,Aditya Malhotra,aditya.malhotra1742@example.com,West,Standard,2024-12-17
105,Kavya Mishra,kavya.mishra105@example.com,North,Premium,2025-11-30
2419,Isha Mehta,isha.mehta2419@example.com,West,Standard,2024-11-17
3763,Yash Desai,yash.desai3763@example.com,West,Standard,2025-02-12
4689,Isha Nair,isha.nair4689@example.com,North,Premium,2024-07-26
2110,Kavya Nair,kavya.nair2110@example.com,East,Premium,2022-07-05
2184,Vikram Mishra,vikram.mishra2184@example.com,West,Standard,2021-01-14
2448,Kabir Iyer,kabir.iyer2448@example.com,West,Premium,2021-07-18
1554,Aditya Nair,aditya.nair1554@example.com,West,Standard,2024-09-02
1103,Yash Reddy,yash.reddy1103@example.com,West,Premium,2021-12-28
1163,Priya Mehta,priya.mehta1163@example.com,South,Premium,2023-09-24
1547,Kabir Desai,kabir.desai1547@example.com,North,Standard,2024-03-07
2949,Vikram Mehta,vikram.mehta2949@example.com,South,Premium,2025-03-16
2621,Kabir Nair,kabir.nair2621@example.com,South,Standard,2025-11-21
2500,Isha Joshi,isha.joshi2500@example.com,North,Premium,2021-06-13
422,Yash Patel,yash.patel422@example.com,West,Premium,2022-07-21
4811,Aditya Shah,aditya.shah4811@example.com,North,Premium,2023-09-06
2043,Aditi Malhotra,aditi.malhotra2043@example.com,North,Premium,2021-05-06
744,Karan Nair,karan.nair744@example.com,North,Premium,2021-07-18
357,Vikram Desai,vikram.desai357@example.com,North,Standard,2024-05-19
1714,Neha Nair,neha.nair1714@example.com,East,Standard,2023-08-28
700,Ananya Kapoor,ananya.kapoor700@example.com,West,Standard,2023-01-30
2398,Ananya Shah,ananya.shah2398@example.com,South,Standard,2024-09-24
2678,Diya Verma,diya.verma2678@example.com,North,Standard,2025-11-24
3288,Ananya Nair,ananya.nair3288@example.com,North,Premium,2023-07-25
2223,Diya Reddy,diya.reddy2223@example.com,South,Premium,2024-05-17
108,Arjun Iyer,arjun.iyer108@example.com,East,Premium,2023-01-25
1821,Meera Kapoor,meera.kapoor1821@example.com,West,Standard,2024-09-14
3694,Vikram Sharma,vikram.sharma3694@example.com,East,Premium,2024-07-21
3977,Priya Iyer,priya.iyer3977@example.com,North,Standard,2024-10-20
1939,Meera Gupta,meera.gupta1939@example.com,West,Standard,2025-02-22
1635,Pooja Nair,pooja.nair1635@example.com,North,Standard,2023-05-27
850,Aditi Malhotra,aditi.malhotra850@example.com,North,Standard,2022-08-25
2111,Pooja Gupta,pooja.gupta2111@example.com,South,Premium,2021-09-19
860,Aditi Nair,aditi.nair860@example.com,North,Standard,2025-09-01
202,Sneha Iyer,sneha.iyer202@example.com,West,Premium,2023-07-03
2288,Arjun Joshi,arjun.joshi2288@example.com,South,Premium,2022-03-10
2339,Kabir Nair,kabir.nair2339@example.com,North,Premium,2023-06-10
4074,Aarav Mehta,aarav.mehta4074@example.com,East,Standard,2025-04-19
1457,Karan Gupta,karan.gupta1457@example.com,East,Standard,2024-10-05
3072,Arjun Malhotra,arjun.malhotra3072@example.com,South,Standard,2021-07-05
618,Ananya Iyer,ananya.iyer618@example.com,South,Premium,2024-08-11
1210,Ananya Verma,ananya.verma1210@example.com,West,Standard,2025-07-14
3842,Rahul Gupta,rahul.gupta3842@example.com,East,Premium,2022-08-19
1259,Aditya Patel,aditya.patel1259@example.com,North,Standard,2025-02-25
3183,Kavya Mishra,kavya.mishra3183@example.com,South,Premium,2024-03-19
3426,Priya Mehta,priya.mehta3426@example.com,East,Standard,2024-03-27
4223,Aarav Singh,aarav.singh4223@example.com,North,Premium,2025-10-01
180,Diya Verma,diya.verma180@example.com,East,Standard,2025-06-22
4441,Rohan Desai,rohan.desai4441@example.com,South,Premium,2023-03-21
2988,Aarav Desai,aarav.desai2988@example.com,West,Standard,2021-10-24
196,Yash Iyer,yash.iyer196@example.com,South,Standard,2024-10-24
2334,Meera Mehta,meera.mehta2334@example.com,East,Premium,2025-03-10
3560,Vivaan Kapoor,vivaan.kapoor3560@example.com,East,Standard,2023-10-26
4566,Arjun Singh,arjun.singh4566@example.com,West,Premium,2023-10-11
3131,Yash Reddy,yash.reddy3131@example.com,West,Premium,2025-07-18
871,Ananya Mehta,ananya.mehta871@example.com,South,Premium,2024-12-05
946,Vivaan Mishra,vivaan.mishra946@example.com,South,Standard,2025-01-29
3404,Diya Singh,diya.singh3404@example.com,South,Premium,2024-01-28
725,Diya Shah,diya.shah725@example.com,West,Standard,2022-12-15
2202,Diya Verma,diya.verma2202@example.com,North,Standard,2022-08-02
2836,Vikram Reddy,vikram.reddy2836@example.com,West,Premium,2021-09-26
3501,Ananya Nair,ananya.nair3501@example.com,North,Standard,2023-07-27
4816,Kabir Kapoor,kabir.kapoor4816@example.com,South,Standard,2024-11-26
3236,Aditi Singh,aditi.singh3236@example.com,South,Premium,2022-03-23
2386,Vikram Reddy,vikram.reddy2386@example.com,North,Standard,2025-01-26
929,Kavya Patel,kavya.patel929@example.com,South,Standard,2023-05-25
3138,Kabir Mishra,kabir.mishra3138@example.com,North,Premium,2022-12-30
961,Aditi Mehta,aditi.mehta961@example.com,North,Premium,2023-11-22
4232,Ananya Kapoor,ananya.kapoor4232@example.com,West,Premium,2024-07-08
3391,Diya Gupta,diya.gupta3391@example.com,North,Premium,2022-05-09
4152,Diya Joshi,diya.joshi4152@example.com,East,Premium,2024-08-29
4366,Diya Nair,diya.nair4366@example.com,North,Standard,2025-11-07
4859,Diya Singh,diya.singh4859@example.com,West,Standard,2021-01-24
541,Arjun Patel,arjun.patel541@example.com,North,Premium,2023-09-29
3526,Neha Gupta,neha.gupta3526@example.com,North,Standard,2022-07-15
2028,Arjun Nair,arjun.nair2028@example.com,South,Standard,2023-09-19
299,Isha Singh,isha.singh299@example.com,South,Premium,2022-10-29
4918,Aditya Reddy,aditya.reddy4918@example.com,South,Standard,2025-07-23
4543,Aarav Verma,aarav.verma4543@example.com,West,Premium,2023-11-29
825,Kavya Desai,kavya.desai825@example.com,North,Premium,2024-09-10
1936,Arjun Mehta,arjun.mehta1936@example.com,South,Premium,2024-02-11
3173,Meera Nair,meera.nair3173@example.com,East,Premium,2021-03-22
4353,Rohan Kapoor,rohan.kapoor4353@example.com,South,Premium,2021-06-29
3711,Sneha Singh,sneha.singh3711@example.com,North,Premium,2021-09-13
1285,Neha Singh,neha.singh1285@example.com,East,Premium,2023-05-17
2761,Aarav Gupta,aarav.gupta2761@example.com,East,Premium,2023-11-30
580,Yash Malhotra,yash.malhotra580@example.com,West,Premium,2024-03-27
2831,Aditi Reddy,aditi.reddy2831@example.com,East,Standard,2024-05-26
2165,Sneha Desai,sneha.desai2165@example.com,South,Premium,2024-09-19
879,Vivaan Gupta,vivaan.gupta879@example.com,North,Premium,2021-10-18
2051,Yash Iyer,yash.iyer2051@example.com,South,Premium,2024-05-18
1530,Sneha Gupta,sneha.gupta1530@example.com,East,Standard,2021-09-21
4245,Pooja Verma,pooja.verma4245@example.com,North,Standard,2022-06-18
156,Diya Malhotra,diya.malhotra156@example.com,South,Standard,2023-07-24
3807,Aditya Singh,aditya.singh3807@example.com,West,Premium,2024-01-03
4852,Vikram Patel,vikram.patel4852@example.com,East,Premium,2025-01-03
4940,Priya Kapoor,priya.kapoor4940@example.com,South,Standard,2025-08-10
4417,Rohan Shah,rohan.shah4417@example.com,West,Standard,2021-02-23
1398,Pooja Gupta,pooja.gupta1398@example.com,North,Standard,2021-09-13
686,Sneha Patel,sneha.patel686@example.com,West,Premium,2022-11-06
3576,Aditya Shah,aditya.shah3576@example.com,East,Standard,2021-10-27
1617,Rahul Singh,rahul.singh1617@example.com,North,Premium,2023-02-12
2888,Rahul Verma,rahul.verma2888@example.com,North,Premium,2021-12-26
4087,Neha Reddy,neha.reddy4087@example.com,East,Standard,2021-07-15
3354,Neha Shah,neha.shah3354@example.com,East,Standard,2024-05-29
1502,Arjun Mishra,arjun.mishra1502@example.com,North,Premium,2022-10-14
3489,Diya Mehta,diya.mehta3489@example.com,East,Standard,2023-09-04
998,Kavya Mehta,kavya.mehta998@example.com,East,Premium,2024-11-07
2135,Neha Reddy,neha.reddy2135@example.com,South,Premium,2021-10-20
2041,Diya Kapoor,diya.kapoor2041@example.com,East,Premium,2025-01-25
127,Priya Reddy,priya.reddy127@example.com,South,Standard,2024-12-18
3169,Meera Mehta,meera.mehta3169@example.com,West,Standard,2025-06-24
1084,Meera Desai,meera.desai1084@example.com,East,Standard,2023-05-27
4349,Neha Reddy,neha.reddy4349@example.com,South,Standard,2024-07-25
3903,Aditya Singh,aditya.singh3903@example.com,West,Standard,2025-09-28
1346,Aditya Malhotra,aditya.malhotra1346@example.com,North,Premium,2025-02-03
3698,Rahul Patel,rahul.patel3698@example.com,South,Premium,2021-06-23
4230,Yash Desai,yash.desai4230@example.com,West,Premium,2023-05-19
997,Neha Mishra,neha.mishra997@example.com,South,Standard,2023-10-17
4208,Neha Malhotra,neha.malhotra4208@example.com,North,Standard,2021-01-29
2150,Pooja Gupta,pooja.gupta2150@example.com,North,Standard,2024-12-09
2853,Sneha Reddy,sneha.reddy2853@example.com,East,Premium,2025-02-22
977,Neha Malhotra,neha.malhotra977@example.com,North,Standard,2021-12-12
2749,Neha Mishra,neha.mishra2749@example.com,South,Premium,2021-06-03
4730,Priya Iyer,priya.iyer4730@example.com,South,Standard,2021-04-15
2590,Isha Joshi,isha.joshi2590@example.com,West,Premium,2023-02-04
1358,Arjun Shah,arjun.shah1358@example.com,South,Premium,2022-08-18
1162,Yash Joshi,yash.joshi1162@example.com,East,Standard,2022-03-13
4867,Aarav Reddy,aarav.reddy4867@example.com,West,Premium,2022-09-17
1709,Neha Iyer,neha.iyer1709@example.com,North,Standard,2024-06-19
1224,Aditi Sharma,aditi.sharma1224@example.com,East,Premium,2024-06-14
2100,Meera Shah,meera.shah2100@example.com,East,Standard,2021-08-08
1305,Aarav Shah,aarav.shah1305@example.com,South,Standard,2022-12-28
3533,Aarav Patel,aarav.patel3533@example.com,West,Standard,2022-02-09
2422,Aditya Desai,aditya.desai2422@example.com,South,Standard,2021-09-11
66,Aditi Sharma,aditi.sharma66@example.com,South,Standard,2022-04-09
4831,Aditi Verma,aditi.verma4831@example.com,East,Standard,2023-01-17
3639,Isha Mishra,isha.mishra3639@example.com,South,Standard,2021-08-11
597,Meera Malhotra,meera.malhotra597@example.com,West,Premium,2021-10-14
2178,Priya Reddy,priya.reddy2178@example.com,West,Premium,2023-01-06
717,Vikram Patel,vikram.patel717@example.com,South,Standard,2021-03-24
1276,Rohan Verma,rohan.verma1276@example.com,West,Standard,2021-03-06
4172,Kabir Malhotra,kabir.malhotra4172@example.com,South,Standard,2024-09-24
4269,Karan Patel,karan.patel4269@example.com,West,Standard,2024-02-01
986,Aditi Nair,aditi.nair986@example.com,South,Standard,2025-03-19
1879,Diya Desai,diya.desai1879@example.com,West,Premium,2021-08-13
220,Arjun Nair,arjun.nair220@example.com,North,Premium,2021-11-15
3805,Priya Desai,priya.desai3805@example.com,North,Premium,2021-04-17
3326,Ananya Verma,ananya.verma3326@example.com,North,Standard,2023-09-11
4532,Yash Singh,yash.singh4532@example.com,West,Premium,2025-04-08
170,Isha Gupta,isha.gupta170@example.com,South,Premium,2022-05-26
2492,Karan Nair,karan.nair2492@example.com,North,Standard,2024-12-06
1977,Rahul Malhotra,rahul.malhotra1977@example.com,West,Premium,2023-08-29
2759,Arjun Reddy,arjun.reddy2759@example.com,South,Premium,2025-10-17
1416,Kavya Malhotra,kavya.malhotra1416@example.com,South,Premium,2021-09-04
3722,Rohan Verma,rohan.verma3722@example.com,North,Standard,2022-01-29
3891,Rohan Verma,rohan.verma3891@example.com,North,Premium,2021-07-06
617,Vivaan Verma,vivaan.verma617@example.com,West,Standard,2024-12-04
4169,Rahul Gupta,rahul.gupta4169@example.com,East,Standard,2023-09-09
538,Vivaan Desai,vivaan.desai538@example.com,West,Premium,2022-09-16
2548,Arjun Singh,arjun.singh2548@example.com,East,Standard,2022-12-20
4679,Isha Gupta,isha.gupta4679@example.com,East,Premium,2022-01-08
3471,Vivaan Sharma,vivaan.sharma3471@example.com,North,Standard,2022-03-11
490,Yash Joshi,yash.joshi490@example.com,East,Premium,2023-06-02
4316,Kabir Singh,kabir.singh4316@example.com,West,Standard,2022-11-16
1915,Yash Patel,yash.patel1915@example.com,North,Premium,2024-10-30
3126,Sneha Nair,sneha.nair3126@example.com,South,Standard,2023-01-09
4582,Priya Reddy,priya.reddy4582@example.com,East,Premium,2024-08-24
4335,Karan Gupta,karan.gupta4335@example.com,West,Premium,2025-12-22
4290,Arjun Mehta,arjun.mehta4290@example.com,North,Premium,2024-04-16
4507,Vikram Gupta,vikram.gupta4507@example.com,West,Premium,2021-06-03
491,Sneha Kapoor,sneha.kapoor491@example.com,East,Standard,2025-01-25
4806,Aditi Nair,aditi.nair4806@example.com,South,Premium,2021-03-31
1704,Rohan Gupta,rohan.gupta1704@example.com,West,Standard,2025-12-31
4578,Sneha Shah,sneha.shah4578@example.com,East,Standard,2024-07-13
3645,Arjun Mishra,arjun.mishra3645@example.com,West,Premium,2023-09-16
2309,Isha Desai,isha.desai2309@example.com,North,Premium,2024-05-12
60,Karan Reddy,karan.reddy60@example.com,South,Standard,2021-04-04
581,Kavya Sharma,kavya.sharma581@example.com,South,Standard,2023-10-11
4259,Sneha Iyer,sneha.iyer4259@example.com,North,Premium,2023-06-16
4378,Neha Verma,neha.verma4378@example.com,West,Standard,2024-05-28
4839,Karan Gupta,karan.gupta4839@example.com,South,Premium,2021-11-24
3336,Kavya Gupta,kavya.gupta3336@example.com,North,Standard,2023-10-29
3719,Neha Singh,neha.singh3719@example.com,East,Premium,2022-08-30
4895,Karan Desai,karan.desai4895@example.com,North,Premium,2022-04-04
4819,Vivaan Desai,vivaan.desai4819@example.com,South,Standard,2021-03-22
2559,Rohan Mishra,rohan.mishra2559@example.com,East,Premium,2022-07-08
4011,Vivaan Malhotra,vivaan.malhotra4011@example.com,South,Premium,2023-12-31
3484,Arjun Sharma,arjun.sharma3484@example.com,East,Standard,2022-10-27
3843,Aditya Reddy,aditya.reddy3843@example.com,East,Premium,2023-04-17
3530,Pooja Singh,pooja.singh3530@example.com,East,Premium,2024-07-05
314,Aarav Iyer,aarav.iyer314@example.com,East,Premium,2025-02-05
408,Karan Mehta,karan.mehta408@example.com,East,Premium,2024-01-06
606,Kavya Patel,kavya.patel606@example.com,West,Standard,2025-11-17
3272,Pooja Desai,pooja.desai3272@example.com,South,Standard,2022-03-28
3409,Ananya Singh,ananya.singh3409@example.com,South,Standard,2021-11-15
474,Meera Gupta,meera.gupta474@example.com,West,Standard,2021-10-31
4005,Aditi Patel,aditi.patel4005@example.com,West,Premium,2023-07-30
2910,Kabir Iyer,kabir.iyer2910@example.com,South,Premium,2024-03-12
2513,Aditi Reddy,aditi.reddy2513@example.com,South,Standard,2021-02-13
1607,Yash Mehta,yash.mehta1607@example.com,South,Standard,2024-11-08
2930,Pooja Gupta,pooja.gupta2930@example.com,North,Premium,2021-05-28
1887,Isha Gupta,isha.gupta1887@example.com,West,Standard,2021-07-25
3387,Neha Mehta,neha.mehta3387@example.com,North,Premium,2023-02-13
187,Diya Sharma,diya.sharma187@example.com,North,Premium,2025-04-13
3301,Vivaan Mehta,vivaan.mehta3301@example.com,South,Premium,2022-07-03
1857,Rohan Malhotra,rohan.malhotra1857@example.com,North,Premium,2025-06-10
368,Arjun Desai,arjun.desai368@example.com,East,Premium,2022-02-19
1608,Rohan Joshi,rohan.joshi1608@example.com,West,Premium,2022-09-22
609,Ananya Joshi,ananya.joshi609@example.com,South,Premium,2021-04-25
3467,Sneha Reddy,sneha.reddy3467@example.com,East,Premium,2021-02-13
4760,Vivaan Patel,vivaan.patel4760@example.com,East,Premium,2023-11-14
4403,Isha Mehta,isha.mehta4403@example.com,North,Premium,2021-02-19
75,Rahul Verma,rahul.verma75@example.com,West,Premium,2022-12-25
767,Yash Gupta,yash.gupta767@example.com,West,Premium,2023-10-05
2577,Kabir Patel,kabir.patel2577@example.com,South,Premium,2022-08-01
3133,Priya Patel,priya.patel3133@example.com,East,Premium,2023-01-09
1578,Aditya Mishra,aditya.mishra1578@example.com,North,Premium,2021-12-31
399,Isha Desai,isha.desai399@example.com,East,Premium,2024-10-23
4885,Isha Mehta,isha.mehta4885@example.com,East,Standard,2022-12-15
1164,Arjun Singh,arjun.singh1164@example.com,West,Standard,2022-06-28
2230,Aditya Nair,aditya.nair2230@example.com,North,Premium,2025-05-12
680,Rohan Shah,rohan.shah680@example.com,South,Standard,2023-07-04
2353,Aditi Iyer,aditi.iyer2353@example.com,North,Premium,2024-03-29
3358,Isha Reddy,isha.reddy3358@example.com,East,Premium,2021-07-05
3555,Ananya Mehta,ananya.mehta3555@example.com,South,Standard,2022-12-24
4509,Ananya Joshi,ananya.joshi4509@example.com,West,Standard,2024-11-21
1692,Isha Kapoor,isha.kapoor1692@example.com,East,Premium,2025-07-01
4253,Rahul Verma,rahul.verma4253@example.com,West,Standard,2024-01-09
1178,Sneha Joshi,sneha.joshi1178@example.com,South,Standard,2021-06-21
2752,Kavya Reddy,kavya.reddy2752@example.com,West,Premium,2024-12-10
4788,Aditya Gupta,aditya.gupta4788@example.com,East,Premium,2022-02-21
4632,Aarav Shah,aarav.shah4632@example.com,West,Premium,2021-08-14
2173,Vivaan Mishra,vivaan.mishra2173@example.com,East,Standard,2025-10-05
3189,Rohan Singh,rohan.singh3189@example.com,West,Premium,2025-09-07
1052,Sneha Mishra,sneha.mishra1052@example.com,West,Premium,2022-03-08
1690,Rahul Sharma,rahul.sharma1690@example.com,South,Premium,2024-11-25
594,Rohan Verma,rohan.verma594@example.com,North,Standard,2023-02-01
4334,Vivaan Reddy,vivaan.reddy4334@example.com,North,Premium,2023-09-04
1270,Pooja Iyer,pooja.iyer1270@example.com,South,Premium,2021-10-28
827,Priya Mehta,priya.mehta827@example.com,North,Premium,2021-06-07
3631,Aarav Kapoor,aarav.kapoor3631@example.com,West,Premium,2025-04-17
316,Kabir Joshi,kabir.joshi316@example.com,South,Standard,2023-08-21
2228,Isha Reddy,isha.reddy2228@example.com,East,Standard,2025-05-20
1197,Aarav Singh,aarav.singh1197@example.com,North,Premium,2021-05-03
923,Vivaan Kapoor,vivaan.kapoor923@example.com,South,Premium,2021-01-23
1705,Diya Iyer,diya.iyer1705@example.com,West,Standard,2024-02-09
4651,Karan Mishra,karan.mishra4651@example.com,East,Premium,2023-05-18
2924,Kabir Singh,kabir.singh2924@example.com,North,Standard,2021-09-14
1380,Vikram Verma,vikram.verma1380@example.com,North,Premium,2023-03-15
2601,Kabir Iyer,kabir.iyer2601@example.com,North,Standard,2023-09-05
4150,Ananya Malhotra,ananya.malhotra4150@example.com,West,Standard,2021-12-04
2683,Vivaan Nair,vivaan.nair2683@example.com,East,Standard,2022-02-03
476,Karan Patel,karan.patel476@example.com,North,Premium,2023-01-13
1600,Pooja Nair,pooja.nair1600@example.com,East,Premium,2022-05-06
2983,Yash Mehta,yash.mehta2983@example.com,North,Premium,2022-03-10
3053,Pooja Sharma,pooja.sharma3053@example.com,East,Premium,2024-02-04
1511,Vikram Malhotra,vikram.malhotra1511@example.com,North,Premium,2022-07-06
939,Aditya Kapoor,aditya.kapoor939@example.com,North,Standard,2021-04-04
1740,Vivaan Shah,vivaan.shah1740@example.com,North,Standard,2021-01-18
2851,Priya Nair,priya.nair2851@example.com,East,Standard,2023-10-22
4944,Vikram Shah,vikram.shah4944@example.com,West,Standard,2021-09-23
3156,Arjun Shah,arjun.shah3156@example.com,West,Premium,2023-10-26
2717,Rohan Sharma,rohan.sharma2717@example.com,West,Standard,2024-04-15
1873,Vivaan Singh,vivaan.singh1873@example.com,South,Premium,2024-10-29
3254,Meera Patel,meera.patel3254@example.com,North,Premium,2025-12-17
249,Vikram Nair,vikram.nair249@example.com,South,Premium,2023-10-25
3908,Neha Reddy,neha.reddy3908@example.com,East,Standard,2025-05-28
1790,Rohan Shah,rohan.shah1790@example.com,East,Standard,2024-06-30
3355,Isha Sharma,isha.sharma3355@example.com,West,Premium,2022-03-04
1068,Pooja Kapoor,pooja.kapoor1068@example.com,North,Premium,2024-03-07
1093,Aditi Patel,aditi.patel1093@example.com,North,Premium,2025-04-19
492,Yash Desai,yash.desai492@example.com,North,Standard,2021-07-12
3572,Meera Shah,meera.shah3572@example.com,South,Standard,2021-11-27
930,Aditya Singh,aditya.singh930@example.com,East,Standard,2021-07-02
2357,Aditya Mehta,aditya.mehta2357@example.com,West,Standard,2023-08-28
783,Karan Nair,karan.nair783@example.com,West,Premium,2021-09-11
646,Kavya Joshi,kavya.joshi646@example.com,North,Standard,2025-10-26
1292,Yash Verma,yash.verma1292@example.com,West,Premium,2023-06-22
4580,Priya Desai,priya.desai4580@example.com,East,Standard,2021-06-20
4686,Isha Desai,isha.desai4686@example.com,West,Standard,2025-12-02
1204,Vivaan Kapoor,vivaan.kapoor1204@example.com,North,Premium,2024-12-04
3431,Sneha Sharma,sneha.sharma3431@example.com,South,Premium,2022-08-19
2434,Diya Mehta,diya.mehta2434@example.com,West,Premium,2022-04-02
1248,Diya Iyer,diya.iyer1248@example.com,West,Premium,2022-12-16
4293,Meera Joshi,meera.joshi4293@example.com,West,Premium,2021-06-25
2931,Kabir Reddy,kabir.reddy2931@example.com,North,Standard,2025-04-23
2785,Isha Gupta,isha.gupta2785@example.com,West,Standard,2021-05-13
1030,Ananya Shah,ananya.shah1030@example.com,West,Premium,2024-12-09
2133,Aditi Patel,aditi.patel2133@example.com,East,Standard,2021-03-20
943,Sneha Mehta,sneha.mehta943@example.com,West,Premium,2024-08-04
2109,Vikram Shah,vikram.shah2109@example.com,North,Standard,2021-05-08
1384,Priya Nair,priya.nair1384@example.com,West,Standard,2022-03-14
2036,Vivaan Gupta,vivaan.gupta2036@example.com,North,Standard,2022-07-07
3151,Karan Malhotra,karan.malhotra3151@example.com,South,Premium,2021-10-18
3201,Aditya Singh,aditya.singh3201@example.com,West,Premium,2022-09-03
4255,Meera Iyer,meera.iyer4255@example.com,West,Premium,2024-10-03
2670,Karan Mehta,karan.mehta2670@example.com,North,Premium,2023-05-28
4775,Ananya Nair,ananya.nair4775@example.com,East,Premium,2022-02-11
3251,Priya Verma,priya.verma3251@example.com,West,Standard,2024-01-02
3439,Kabir Reddy,kabir.reddy3439@example.com,West,Standard,2024-11-20
2240,Kavya Verma,kavya.verma2240@example.com,North,Premium,2021-06-09
384,Kavya Kapoor,kavya.kapoor384@example.com,South,Standard,2024-09-22
439,Ananya Sharma,ananya.sharma439@example.com,South,Standard,2021-10-30
2017,Aditi Iyer,aditi.iyer2017@example.com,East,Premium,2025-06-11
3039,Isha Singh,isha.singh3039@example.com,North,Standard,2025-09-01
4226,Rohan Malhotra,rohan.malhotra4226@example.com,West,Premium,2021-03-16
3574,Vikram Reddy,vikram.reddy3574@example.com,South,Standard,2024-11-27
4817,Sneha Nair,sneha.nair4817@example.com,South,Standard,2022-03-19
4006,Priya Gupta,priya.gupta4006@example.com,South,Premium,2023-01-29
3479,Priya Sharma,priya.sharma3479@example.com,East,Standard,2023-10-26
527,Arjun Reddy,arjun.reddy527@example.com,West,Standard,2023-04-28
1761,Isha Shah,isha.shah1761@example.com,East,Standard,2023-12-08
3930,Ananya Patel,ananya.patel3930@example.com,South,Standard,2023-05-28
252,Priya Mehta,priya.mehta252@example.com,South,Standard,2023-02-21
3258,Yash Iyer,yash.iyer3258@example.com,West,Standard,2024-12-08
4584,Pooja Mishra,pooja.mishra4584@example.com,North,Premium,2025-07-09
861,Arjun Patel,arjun.patel861@example.com,North,Standard,2021-08-01
1682,Aditi Reddy,aditi.reddy1682@example.com,North,Standard,2023-10-28
4976,Kavya Nair,kavya.nair4976@example.com,North,Standard,2025-10-11
4721,Isha Gupta,isha.gupta4721@example.com,South,Standard,2024-02-04
2941,Diya Patel,diya.patel2941@example.com,South,Standard,2021-09-12
3032,Priya Nair,priya.nair3032@example.com,West,Standard,2025-08-08
3290,Diya Sharma,diya.sharma3290@example.com,East,Premium,2023-11-06
4830,Yash Singh,yash.singh4830@example.com,East,Standard,2025-09-14
2748,Isha Malhotra,isha.malhotra2748@example.com,South,Premium,2023-04-30
3668,Vivaan Sharma,vivaan.sharma3668@example.com,North,Premium,2025-06-07
1175,Priya Iyer,priya.iyer1175@example.com,East,Standard,2021-12-16
3036,Kavya Verma,kavya.verma3036@example.com,South,Standard,2022-01-30
4482,Pooja Malhotra,pooja.malhotra4482@example.com,West,Premium,2025-06-30
935,Kavya Verma,kavya.verma935@example.com,South,Standard,2025-01-31
2947,Kabir Verma,kabir.verma2947@example.com,East,Premium,2023-06-15
4088,Rahul Patel,rahul.patel4088@example.com,South,Premium,2024-07-17
2337,Kavya Nair,kavya.nair2337@example.com,West,Standard,2025-09-11
854,Sneha Mehta,sneha.mehta854@example.com,East,Premium,2021-07-10
918,Aditya Sharma,aditya.sharma918@example.com,West,Premium,2024-07-11
1992,Kavya Mehta,kavya.mehta1992@example.com,North,Premium,2024-03-17
1024,Diya Sharma,diya.sharma1024@example.com,South,Standard,2024-07-23
4855,Priya Mehta,priya.mehta4855@example.com,South,Premium,2022-09-01
4491,Vikram Desai,vikram.desai4491@example.com,South,Standard,2025-04-27
2486,Karan Malhotra,karan.malhotra2486@example.com,North,Standard,2021-06-19
253,Rohan Malhotra,rohan.malhotra253@example.com,North,Premium,2021-08-16
1029,Meera Mishra,meera.mishra1029@example.com,North,Premium,2021-10-18
942,Yash Singh,yash.singh942@example.com,South,Premium,2021-06-08
310,Aditi Iyer,aditi.iyer310@example.com,East,Premium,2023-03-12
4377,Arjun Joshi,arjun.joshi4377@example.com,North,Standard,2021-05-31
1405,Aditi Malhotra,aditi.malhotra1405@example.com,North,Premium,2024-11-08
2999,Isha Verma,isha.verma2999@example.com,East,Standard,2025-07-14
1195,Kabir Mehta,kabir.mehta1195@example.com,East,Premium,2022-01-01
4726,Kavya Malhotra,kavya.malhotra4726@example.com,North,Premium,2022-12-04
144,Priya Joshi,priya.joshi144@example.com,North,Premium,2023-12-05
1183,Karan Mishra,karan.mishra1183@example.com,North,Premium,2024-05-26
3745,Aarav Desai,aarav.desai3745@example.com,North,Premium,2022-03-19
3542,Priya Patel,priya.patel3542@example.com,South,Premium,2022-11-02
4131,Rohan Gupta,rohan.gupta4131@example.com,North,Premium,2022-07-03
2414,Karan Joshi,karan.joshi2414@example.com,South,Premium,2022-12-15
2801,Sneha Malhotra,sneha.malhotra2801@example.com,East,Standard,2025-03-07
3235,Aditi Verma,aditi.verma3235@example.com,West,Premium,2022-05-28
592,Kabir Gupta,kabir.gupta592@example.com,East,Standard,2021-07-30
4545,Kavya Nair,kavya.nair4545@example.com,East,Premium,2025-06-15
934,Vikram Reddy,vikram.reddy934@example.com,West,Standard,2025-12-14
3361,Meera Verma,meera.verma3361@example.com,East,Standard,2024-06-29
2913,Arjun Kapoor,arjun.kapoor2913@example.com,West,Standard,2022-02-14
270,Kavya Shah,kavya.shah270@example.com,East,Premium,2023-07-10
3137,Kabir Mishra,kabir.mishra3137@example.com,North,Standard,2024-04-16
4456,Isha Singh,isha.singh4456@example.com,East,Standard,2021-03-03
341,Arjun Mehta,arjun.mehta341@example.com,East,Standard,2025-06-08
3961,Kabir Shah,kabir.shah3961@example.com,South,Premium,2022-03-17
1640,Priya Shah,priya.shah1640@example.com,South,Standard,2021-09-08
1727,Aarav Shah,aarav.shah1727@example.com,North,Standard,2022-03-14
3672,Meera Kapoor,meera.kapoor3672@example.com,East,Premium,2024-02-25
4292,Aditya Verma,aditya.verma4292@example.com,East,Premium,2023-12-16
4127,Vikram Patel,vikram.patel4127@example.com,East,Premium,2024-03-21
1010,Isha Malhotra,isha.malhotra1010@example.com,West,Standard,2025-07-24
4388,Ananya Gupta,ananya.gupta4388@example.com,South,Premium,2025-07-02
4385,Aditi Joshi,aditi.joshi4385@example.com,North,Standard,2023-05-13
530,Arjun Patel,arjun.patel530@example.com,West,Premium,2024-05-16
2218,Ananya Kapoor,ananya.kapoor2218@example.com,West,Premium,2024-03-26
2281,Aarav Singh,aarav.singh2281@example.com,North,Premium,2023-08-04
2213,Yash Mehta,yash.mehta2213@example.com,West,Premium,2023-12-29
988,Neha Sharma,neha.sharma988@example.com,East,Premium,2021-05-23
4057,Aditi Patel,aditi.patel4057@example.com,West,Standard,2022-07-17
1278,Ananya Nair,ananya.nair1278@example.com,East,Standard,2021-06-13
731,Sneha Nair,sneha.nair731@example.com,East,Standard,2024-06-08
4337,Vivaan Verma,vivaan.verma4337@example.com,East,Standard,2023-10-08
1707,Arjun Iyer,arjun.iyer1707@example.com,East,Premium,2021-03-01
38,Rahul Sharma,rahul.sharma38@example.com,North,Premium,2021-08-04
446,Ananya Iyer,ananya.iyer446@example.com,West,Premium,2021-12-15
2613,Aditya Gupta,aditya.gupta2613@example.com,East,Premium,2024-11-10
1480,Vivaan Singh,vivaan.singh1480@example.com,North,Premium,2021-04-09
1454,Yash Patel,yash.patel1454@example.com,East,Standard,2024-11-09
451,Pooja Nair,pooja.nair451@example.com,West,Standard,2024-12-01
3589,Kabir Mishra,kabir.mishra3589@example.com,South,Standard,2021-09-03
4510,Rohan Shah,rohan.shah4510@example.com,South,Standard,2024-07-28
1257,Meera Malhotra,meera.malhotra1257@example.com,North,Premium,2024-03-29
1718,Aditi Malhotra,aditi.malhotra1718@example.com,West,Standard,2022-10-22
545,Aditi Gupta,aditi.gupta545@example.com,North,Standard,2025-04-19
1320,Yash Reddy,yash.reddy1320@example.com,North,Standard,2024-02-18
2008,Rahul Malhotra,rahul.malhotra2008@example.com,South,Premium,2021-06-03
440,Aditi Sharma,aditi.sharma440@example.com,South,Premium,2024-10-05
3724,Vikram Joshi,vikram.joshi3724@example.com,West,Premium,2023-09-26
1701,Arjun Shah,arjun.shah1701@example.com,South,Standard,2025-04-07
2301,Yash Reddy,yash.reddy2301@example.com,West,Premium,2025-10-03
242,Neha Patel,neha.patel242@example.com,South,Premium,2023-01-15
3623,Diya Joshi,diya.joshi3623@example.com,South,Standard,2022-01-20
2037,Aditya Singh,aditya.singh2037@example.com,West,Premium,2024-11-06
4986,Yash Iyer,yash.iyer4986@example.com,North,Premium,2023-08-03
4229,Arjun Reddy,arjun.reddy4229@example.com,North,Premium,2021-02-03
794,Meera Mehta,meera.mehta794@example.com,East,Premium,2023-09-03
1408,Neha Joshi,neha.joshi1408@example.com,East,Standard,2021-08-31
4408,Sneha Patel,sneha.patel4408@example.com,East,Standard,2022-03-11
3204,Rohan Verma,rohan.verma3204@example.com,West,Standard,2021-04-19
668,Meera Singh,meera.singh668@example.com,East,Premium,2021-04-11
1200,Diya Reddy,diya.reddy1200@example.com,West,Premium,2022-08-26
1793,Vikram Verma,vikram.verma1793@example.com,South,Standard,2023-12-21
4318,Pooja Joshi,pooja.joshi4318@example.com,West,Premium,2024-10-27
1168,Vivaan Malhotra,vivaan.malhotra1168@example.com,South,Premium,2022-03-26
3911,Arjun Sharma,arjun.sharma3911@example.com,North,Standard,2022-05-04
662,Aditya Desai,aditya.desai662@example.com,North,Standard,2022-04-09
3604,Pooja Reddy,pooja.reddy3604@example.com,West,Standard,2023-03-16
1685,Arjun Gupta,arjun.gupta1685@example.com,East,Standard,2022-02-26
96,Kabir Nair,kabir.nair96@example.com,South,Standard,2024-07-28
1902,Yash Reddy,yash.reddy1902@example.com,East,Premium,2021-07-13
1274,Kabir Desai,kabir.desai1274@example.com,West,Standard,2025-10-13
1233,Rahul Mehta,rahul.mehta1233@example.com,East,Premium,2021-12-08
1279,Kabir Shah,kabir.shah1279@example.com,West,Premium,2021-01-27
4862,Aditi Verma,aditi.verma4862@example.com,East,Premium,2021-12-30
4567,Karan Mishra,karan.mishra4567@example.com,North,Premium,2024-10-23
3840,Aarav Kapoor,aarav.kapoor3840@example.com,East,Standard,2024-04-09
2094,Aarav Joshi,aarav.joshi2094@example.com,South,Standard,2021-08-13
4103,Vivaan Iyer,vivaan.iyer4103@example.com,North,Standard,2025-09-07
1057,Rahul Desai,rahul.desai1057@example.com,South,Premium,2025-05-07
3152,Arjun Patel,arjun.patel3152@example.com,East,Standard,2023-07-16
952,Aditi Reddy,aditi.reddy952@example.com,East,Standard,2024-09-20
3748,Aditi Singh,aditi.singh3748@example.com,East,Standard,2021-01-28
3035,Priya Singh,priya.singh3035@example.com,East,Standard,2021-08-19
2306,Karan Malhotra,karan.malhotra2306@example.com,North,Premium,2023-04-21
334,Rahul Malhotra,rahul.malhotra334@example.com,South,Standard,2023-10-17
1355,Aarav Gupta,aarav.gupta1355@example.com,West,Standard,2022-02-27
2026,Aditya Gupta,aditya.gupta2026@example.com,West,Premium,2022-07-15
4125,Sneha Mishra,sneha.mishra4125@example.com,West,Premium,2022-06-28
4766,Priya Mishra,priya.mishra4766@example.com,East,Standard,2024-04-21
3078,Isha Singh,isha.singh3078@example.com,East,Premium,2021-03-26
3689,Kavya Desai,kavya.desai3689@example.com,East,Premium,2023-06-07
4360,Meera Kapoor,meera.kapoor4360@example.com,East,Standard,2021-08-14
4834,Aarav Joshi,aarav.joshi4834@example.com,South,Standard,2024-10-26
3900,Rohan Desai,rohan.desai3900@example.com,East,Premium,2022-09-14
4092,Aditi Singh,aditi.singh4092@example.com,North,Standard,2021-02-01
2764,Meera Sharma,meera.sharma2764@example.com,South,Standard,2025-08-18
3302,Kavya Patel,kavya.patel3302@example.com,North,Standard,2022-09-19
3988,Aarav Verma,aarav.verma3988@example.com,East,Premium,2021-04-13
2922,Karan Mehta,karan.mehta2922@example.com,East,Standard,2025-05-28
2181,Neha Malhotra,neha.malhotra2181@example.com,South,Premium,2024-12-31
3115,Karan Mehta,karan.mehta3115@example.com,South,Standard,2024-04-13
1809,Aditya Singh,aditya.singh1809@example.com,South,Premium,2023-08-28
1108,Priya Gupta,priya.gupta1108@example.com,West,Standard,2023-03-29
1870,Arjun Mishra,arjun.mishra1870@example.com,East,Standard,2024-05-07
510,Yash Mehta,yash.mehta510@example.com,West,Standard,2025-07-06
410,Kavya Mehta,kavya.mehta410@example.com,South,Standard,2021-10-05
1559,Isha Desai,isha.desai1559@example.com,South,Standard,2022-09-17
1410,Aditya Singh,aditya.singh1410@example.com,West,Premium,2023-02-09
3974,Isha Patel,isha.patel3974@example.com,South,Standard,2024-11-22
2957,Ananya Desai,ananya.desai2957@example.com,East,Standard,2022-12-27
1041,Isha Joshi,isha.joshi1041@example.com,West,Standard,2023-08-03
778,Aarav Mishra,aarav.mishra778@example.com,North,Standard,2021-07-01
3068,Rohan Kapoor,rohan.kapoor3068@example.com,East,Premium,2024-04-03
798,Neha Shah,neha.shah798@example.com,South,Standard,2021-04-20
2880,Diya Mehta,diya.mehta2880@example.com,West,Premium,2023-08-06
3518,Neha Joshi,neha.joshi3518@example.com,North,Premium,2021-04-23
3268,Karan Iyer,karan.iyer3268@example.com,North,Standard,2024-05-02
291,Arjun Iyer,arjun.iyer291@example.com,East,Standard,2024-11-15
4034,Ananya Iyer,ananya.iyer4034@example.com,North,Premium,2025-02-25
2063,Kavya Malhotra,kavya.malhotra2063@example.com,North,Premium,2023-11-24
636,Rohan Desai,rohan.desai636@example.com,West,Premium,2022-04-03
4614,Rohan Singh,rohan.singh4614@example.com,East,Premium,2025-07-08
4621,Aditi Kapoor,aditi.kapoor4621@example.com,South,Premium,2021-05-18
3067,Aarav Mehta,aarav.mehta3067@example.com,North,Premium,2022-05-22
4958,Vikram Patel,vikram.patel4958@example.com,West,Premium,2025-09-02
199,Neha Joshi,neha.joshi199@example.com,West,Premium,2021-09-07
4090,Yash Verma,yash.verma4090@example.com,West,Premium,2025-08-07
3828,Rahul Iyer,rahul.iyer3828@example.com,East,Standard,2025-10-26
3611,Pooja Patel,pooja.patel3611@example.com,West,Premium,2024-07-26
693,Aarav Mehta,aarav.mehta693@example.com,South,Premium,2021-12-16
2076,Neha Reddy,neha.reddy2076@example.com,South,Standard,2023-09-11
2469,Yash Singh,yash.singh2469@example.com,North,Standard,2023-01-23
2209,Karan Verma,karan.verma2209@example.com,West,Premium,2023-08-09
2901,Isha Iyer,isha.iyer2901@example.com,West,Premium,2021-02-27
1754,Yash Joshi,yash.joshi1754@example.com,North,Standard,2021-01-23
3069,Kavya Singh,kavya.singh3069@example.com,North,Standard,2021-03-29
4237,Priya Mehta,priya.mehta4237@example.com,West,Standard,2022-07-22
2211,Aarav Mehta,aarav.mehta2211@example.com,East,Premium,2022-12-16
1974,Neha Verma,neha.verma1974@example.com,North,Premium,2024-09-05
2166,Rohan Shah,rohan.shah2166@example.com,East,Standard,2025-01-04
243,Rohan Singh,rohan.singh243@example.com,East,Standard,2021-05-20
2493,Aditi Verma,aditi.verma2493@example.com,West,Premium,2024-03-25
838,Neha Nair,neha.nair838@example.com,East,Premium,2024-11-30
4849,Ananya Kapoor,ananya.kapoor4849@example.com,East,Standard,2021-05-19
2965,Vivaan Sharma,vivaan.sharma2965@example.com,South,Premium,2021-07-17
2978,Arjun Joshi,arjun.joshi2978@example.com,West,Standard,2025-04-06
3885,Rahul Nair,rahul.nair3885@example.com,South,Premium,2025-12-09
3532,Kabir Reddy,kabir.reddy3532@example.com,West,Standard,2021-05-12
1471,Vivaan Kapoor,vivaan.kapoor1471@example.com,East,Premium,2021-03-18
2844,Aditya Joshi,aditya.joshi2844@example.com,East,Premium,2021-12-23
1698,Ananya Patel,ananya.patel1698@example.com,West,Standard,2021-09-30
4392,Kavya Desai,kavya.desai4392@example.com,South,Premium,2022-06-02
1512,Aditi Joshi,aditi.joshi1512@example.com,East,Premium,2022-02-17
226,Kabir Verma,kabir.verma226@example.com,South,Premium,2024-04-07
4322,Aarav Malhotra,aarav.malhotra4322@example.com,North,Premium,2021-03-10
2961,Rohan Mishra,rohan.mishra2961@example.com,North,Standard,2025-05-05
2075,Isha Kapoor,isha.kapoor2075@example.com,North,Standard,2022-01-15
2858,Neha Joshi,neha.joshi2858@example.com,South,Premium,2024-03-14
613,Aditi Desai,aditi.desai613@example.com,East,Standard,2024-06-20
496,Sneha Iyer,sneha.iyer496@example.com,South,Premium,2023-06-18
1256,Isha Malhotra,isha.malhotra1256@example.com,West,Premium,2024-03-11
752,Aditya Mehta,aditya.mehta752@example.com,East,Premium,2021-08-30
324,Aditi Gupta,aditi.gupta324@example.com,North,Standard,2021-02-16
1174,Rahul Iyer,rahul.iyer1174@example.com,East,Standard,2023-03-11
3732,Priya Patel,priya.patel3732@example.com,South,Standard,2021-06-03
235,Sneha Kapoor,sneha.kapoor235@example.com,South,Standard,2023-03-29
4883,Pooja Sharma,pooja.sharma4883@example.com,North,Standard,2022-06-23
2703,Aarav Sharma,aarav.sharma2703@example.com,East,Standard,2022-06-19
3232,Vikram Shah,vikram.shah3232@example.com,North,Premium,2022-02-23
2745,Sneha Iyer,sneha.iyer2745@example.com,East,Premium,2022-04-28
1760,Aditi Patel,aditi.patel1760@example.com,North,Standard,2021-05-25
3827,Isha Kapoor,isha.kapoor3827@example.com,North,Standard,2021-09-23
3441,Karan Reddy,karan.reddy3441@example.com,North,Premium,2021-03-14
3873,Aditi Desai,aditi.desai3873@example.com,South,Standard,2023-06-03
33,Aditi Singh,aditi.singh33@example.com,South,Premium,2021-04-24
2632,Aarav Nair,aarav.nair2632@example.com,South,Standard,2024-10-28
3128,Aarav Desai,aarav.desai3128@example.com,West,Premium,2023-03-04
1269,Diya Reddy,diya.reddy1269@example.com,South,Standard,2024-12-07
1296,Isha Desai,isha.desai1296@example.com,South,Premium,2023-06-16
637,Arjun Mishra,arjun.mishra637@example.com,East,Standard,2022-02-01
990,Ananya Verma,ananya.verma990@example.com,North,Premium,2022-04-21
1369,Aditya Kapoor,aditya.kapoor1369@example.com,North,Premium,2023-04-26
4955,Sneha Kapoor,sneha.kapoor4955@example.com,North,Premium,2025-11-24
203,Rahul Iyer,rahul.iyer203@example.com,North,Premium,2021-04-27
1420,Rohan Joshi,rohan.joshi1420@example.com,South,Standard,2021-03-31
210,Ananya Shah,ananya.shah210@example.com,South,Standard,2021-09-23
405,Pooja Verma,pooja.verma405@example.com,West,Premium,2024-09-06
350,Aditya Patel,aditya.patel350@example.com,East,Premium,2023-10-11
4693,Priya Mishra,priya.mishra4693@example.com,South,Standard,2024-12-31
4406,Yash Shah,yash.shah4406@example.com,East,Premium,2023-12-15
2465,Karan Shah,karan.shah2465@example.com,North,Premium,2022-12-11
4815,Isha Reddy,isha.reddy4815@example.com,West,Standard,2021-06-10
1952,Vikram Mishra,vikram.mishra1952@example.com,South,Premium,2022-09-17
1088,Sneha Gupta,sneha.gupta1088@example.com,North,Standard,2025-01-24
2558,Rohan Sharma,rohan.sharma2558@example.com,South,Standard,2024-08-24
3083,Meera Patel,meera.patel3083@example.com,North,Standard,2025-09-09
1142,Vivaan Singh,vivaan.singh1142@example.com,East,Standard,2022-09-08
4306,Aditya Sharma,aditya.sharma4306@example.com,East,Standard,2023-10-12
4355,Aarav Iyer,aarav.iyer4355@example.com,West,Standard,2023-06-29
2964,Vivaan Gupta,vivaan.gupta2964@example.com,South,Standard,2022-01-13
4157,Isha Desai,isha.desai4157@example.com,North,Standard,2021-03-06
1082,Sneha Nair,sneha.nair1082@example.com,East,Premium,2024-05-31
772,Ananya Mishra,ananya.mishra772@example.com,East,Premium,2025-03-31
4416,Aarav Shah,aarav.shah4416@example.com,West,Standard,2025-05-22
1945,Vivaan Nair,vivaan.nair1945@example.com,North,Standard,2025-01-17
4083,Yash Iyer,yash.iyer4083@example.com,West,Standard,2024-03-18
625,Kavya Nair,kavya.nair625@example.com,East,Premium,2023-02-20
1728,Meera Reddy,meera.reddy1728@example.com,South,Premium,2021-02-01
862,Karan Nair,karan.nair862@example.com,East,Premium,2022-05-27
746,Sneha Singh,sneha.singh746@example.com,East,Standard,2021-03-21
244,Pooja Singh,pooja.singh244@example.com,East,Standard,2024-09-12
868,Karan Nair,karan.nair868@example.com,North,Premium,2022-09-21
3601,Kavya Malhotra,kavya.malhotra3601@example.com,East,Standard,2025-10-02
3895,Kabir Joshi,kabir.joshi3895@example.com,West,Premium,2023-06-20
3511,Aarav Joshi,aarav.joshi3511@example.com,North,Standard,2023-09-11
4647,Sneha Gupta,sneha.gupta4647@example.com,West,Premium,2024-04-01
916,Aditya Singh,aditya.singh916@example.com,East,Premium,2023-06-22
1315,Kabir Singh,kabir.singh1315@example.com,East,Standard,2025-11-15
3992,Aditi Mehta,aditi.mehta3992@example.com,South,Premium,2021-10-28
472,Pooja Malhotra,pooja.malhotra472@example.com,North,Premium,2021-08-23
3678,Vivaan Mehta,vivaan.mehta3678@example.com,West,Standard,2021-03-27
1922,Sneha Reddy,sneha.reddy1922@example.com,South,Premium,2025-01-03
4192,Karan Singh,karan.singh4192@example.com,North,Standard,2024-01-12
2153,Vivaan Kapoor,vivaan.kapoor2153@example.com,South,Standard,2021-08-12
3066,Aditya Desai,aditya.desai3066@example.com,West,Premium,2023-11-13
1147,Aditya Gupta,aditya.gupta1147@example.com,South,Standard,2024-03-14
4549,Priya Iyer,priya.iyer4549@example.com,West,Premium,2024-08-07
2638,Isha Mishra,isha.mishra2638@example.com,East,Premium,2021-02-20
3940,Ananya Kapoor,ananya.kapoor3940@example.com,East,Standard,2023-04-16
2087,Priya Joshi,priya.joshi2087@example.com,East,Premium,2021-11-25
627,Priya Sharma,priya.sharma627@example.com,East,Premium,2024-04-25
3313,Aarav Patel,aarav.patel3313@example.com,South,Standard,2023-11-13
544,Neha Nair,neha.nair544@example.com,East,Premium,2023-02-15
4187,Kavya Sharma,kavya.sharma4187@example.com,South,Standard,2025-04-11
4685,Aditya Patel,aditya.patel4685@example.com,South,Standard,2024-01-09
2708,Arjun Iyer,arjun.iyer2708@example.com,North,Standard,2024-09-12
3844,Neha Desai,neha.desai3844@example.com,West,Standard,2022-07-06
4794,Vikram Iyer,vikram.iyer4794@example.com,East,Premium,2022-11-05
4289,Rahul Nair,rahul.nair4289@example.com,East,Premium,2023-07-23
3402,Ananya Reddy,ananya.reddy3402@example.com,North,Premium,2023-07-01
2992,Isha Shah,isha.shah2992@example.com,North,Standard,2024-02-22
1117,Neha Patel,neha.patel1117@example.com,East,Standard,2024-05-24
1352,Rahul Joshi,rahul.joshi1352@example.com,West,Premium,2024-03-12
1075,Rohan Mishra,rohan.mishra1075@example.com,South,Standard,2024-10-12
4645,Kavya Malhotra,kavya.malhotra4645@example.com,South,Standard,2025-06-18
1691,Yash Shah,yash.shah1691@example.com,East,Premium,2021-06-16
4490,Isha Verma,isha.verma4490@example.com,South,Standard,2024-07-19
4193,Vikram Mishra,vikram.mishra4193@example.com,South,Standard,2021-02-01
39,Kabir Patel,kabir.patel39@example.com,West,Standard,2025-04-17
4982,Sneha Reddy,sneha.reddy4982@example.com,West,Premium,2021-09-16
4475,Vivaan Iyer,vivaan.iyer4475@example.com,West,Premium,2024-11-14
3335,Kabir Patel,kabir.patel3335@example.com,South,Standard,2023-05-15
1446,Priya Mehta,priya.mehta1446@example.com,West,Premium,2024-12-29
3463,Yash Patel,yash.patel3463@example.com,East,Standard,2024-04-26
1367,Pooja Kapoor,pooja.kapoor1367@example.com,North,Premium,2021-06-01
4084,Priya Joshi,priya.joshi4084@example.com,West,Standard,2025-02-25
1228,Isha Singh,isha.singh1228@example.com,West,Premium,2025-02-11
443,Kabir Reddy,kabir.reddy443@example.com,North,Premium,2021-01-16
3420,Kavya Kapoor,kavya.kapoor3420@example.com,East,Standard,2023-02-16
2934,Ananya Joshi,ananya.joshi2934@example.com,South,Standard,2025-05-03
749,Arjun Gupta,arjun.gupta749@example.com,East,Standard,2022-11-30
1721,Vivaan Kapoor,vivaan.kapoor1721@example.com,West,Standard,2022-10-24
2995,Diya Shah,diya.shah2995@example.com,South,Premium,2021-03-27
1343,Vikram Verma,vikram.verma1343@example.com,East,Standard,2021-07-23
1951,Priya Singh,priya.singh1951@example.com,South,Premium,2022-08-13
3883,Karan Joshi,karan.joshi3883@example.com,West,Premium,2025-12-19
1622,Kabir Singh,kabir.singh1622@example.com,East,Premium,2022-04-20
2373,Karan Mehta,karan.mehta2373@example.com,North,Premium,2024-02-05
3968,Neha Nair,neha.nair3968@example.com,South,Premium,2024-05-10
1844,Vivaan Mishra,vivaan.mishra1844@example.com,South,Premium,2023-09-28
3653,Aarav Shah,aarav.shah3653@example.com,South,Standard,2024-03-15
4695,Isha Reddy,isha.reddy4695@example.com,West,Premium,2025-08-29
4033,Meera Singh,meera.singh4033@example.com,North,Premium,2023-06-30
3808,Isha Joshi,isha.joshi3808@example.com,East,Premium,2025-11-06
140,Rohan Singh,rohan.singh140@example.com,North,Standard,2025-07-04
4882,Aditya Reddy,aditya.reddy4882@example.com,South,Premium,2022-11-01
1843,Kabir Desai,kabir.desai1843@example.com,East,Standard,2023-07-18
1286,Neha Malhotra,neha.malhotra1286@example.com,North,Standard,2021-03-20
4971,Isha Patel,isha.patel4971@example.com,East,Premium,2025-09-20
3421,Sneha Malhotra,sneha.malhotra3421@example.com,North,Premium,2022-05-19
2604,Rohan Kapoor,rohan.kapoor2604@example.com,West,Premium,2024-10-11
288,Vikram Singh,vikram.singh288@example.com,West,Premium,2023-09-20
3104,Kabir Reddy,kabir.reddy3104@example.com,West,Standard,2021-09-27
1794,Vikram Malhotra,vikram.malhotra1794@example.com,North,Premium,2021-01-07
2660,Isha Patel,isha.patel2660@example.com,West,Premium,2024-12-25
1748,Kabir Sharma,kabir.sharma1748@example.com,West,Standard,2024-06-10
6,Diya Malhotra,diya.malhotra6@example.com,South,Standard,2023-09-19
2243,Neha Malhotra,neha.malhotra2243@example.com,South,Standard,2025-09-18
218,Rahul Mishra,rahul.mishra218@example.com,East,Standard,2023-10-01
4931,Diya Kapoor,diya.kapoor4931@example.com,East,Standard,2022-08-29
818,Arjun Gupta,arjun.gupta818@example.com,North,Standard,2023-05-10
611,Meera Shah,meera.shah611@example.com,South,Standard,2021-08-26
947,Kabir Joshi,kabir.joshi947@example.com,East,Premium,2022-12-13
4559,Diya Reddy,diya.reddy4559@example.com,South,Standard,2025-09-17
2871,Aditi Kapoor,aditi.kapoor2871@example.com,West,Premium,2021-03-01
4662,Yash Singh,yash.singh4662@example.com,South,Standard,2021-05-05
444,Sneha Nair,sneha.nair444@example.com,East,Standard,2024-10-14
2928,Ananya Verma,ananya.verma2928@example.com,West,Standard,2023-05-21
3353,Diya Singh,diya.singh3353@example.com,North,Standard,2023-09-22
2283,Rahul Shah,rahul.shah2283@example.com,North,Standard,2023-07-06
2712,Isha Gupta,isha.gupta2712@example.com,South,Premium,2025-05-16
225,Arjun Kapoor,arjun.kapoor225@example.com,East,Premium,2024-05-23
1258,Sneha Sharma,sneha.sharma1258@example.com,North,Standard,2021-07-04
2684,Ananya Mishra,ananya.mishra2684@example.com,East,Premium,2024-09-03
4195,Vivaan Desai,vivaan.desai4195@example.com,South,Standard,2024-01-02
1504,Vikram Mehta,vikram.mehta1504@example.com,West,Premium,2022-08-18
80,Kabir Mishra,kabir.mishra80@example.com,East,Standard,2023-04-27
2545,Vikram Desai,vikram.desai2545@example.com,South,Premium,2021-03-15
2991,Aarav Nair,aarav.nair2991@example.com,North,Standard,2025-06-09
1759,Aditi Sharma,aditi.sharma1759@example.com,South,Standard,2022-09-10
1848,Aarav Gupta,aarav.gupta1848@example.com,South,Premium,2022-07-12
3367,Arjun Iyer,arjun.iyer3367@example.com,West,Standard,2021-09-26
2370,Karan Iyer,karan.iyer2370@example.com,North,Premium,2021-06-01
123,Neha Reddy,neha.reddy123@example.com,West,Premium,2021-01-31
1137,Sneha Kapoor,sneha.kapoor1137@example.com,South,Premium,2025-02-16
701,Kavya Nair,kavya.nair701@example.com,West,Premium,2025-08-30
4724,Pooja Iyer,pooja.iyer4724@example.com,East,Standard,2023-05-21
3263,Neha Reddy,neha.reddy3263@example.com,North,Standard,2022-07-16
4027,Meera Gupta,meera.gupta4027@example.com,North,Standard,2024-09-05
59,Kavya Joshi,kavya.joshi59@example.com,West,Standard,2023-05-30
137,Aditya Gupta,aditya.gupta137@example.com,West,Standard,2023-09-17
1459,Yash Mishra,yash.mishra1459@example.com,South,Standard,2021-02-05
3109,Aditi Reddy,aditi.reddy3109@example.com,West,Standard,2025-04-12
4943,Sneha Reddy,sneha.reddy4943@example.com,North,Standard,2022-04-04
4299,Kavya Sharma,kavya.sharma4299@example.com,West,Premium,2023-07-05
3973,Priya Joshi,priya.joshi3973@example.com,North,Standard,2022-11-12
2501,Rohan Nair,rohan.nair2501@example.com,North,Premium,2024-02-23
3357,Kabir Gupta,kabir.gupta3357@example.com,West,Premium,2021-06-21
3879,Rohan Verma,rohan.verma3879@example.com,West,Premium,2021-05-01
4503,Aditi Singh,aditi.singh4503@example.com,West,Standard,2025-02-25
3730,Ananya Iyer,ananya.iyer3730@example.com,South,Premium,2022-10-21
179,Kavya Kapoor,kavya.kapoor179@example.com,West,Premium,2022-07-04
1003,Vikram Nair,vikram.nair1003@example.com,West,Standard,2022-10-04
3894,Rahul Shah,rahul.shah3894@example.com,West,Standard,2023-11-20
247,Sneha Iyer,sneha.iyer247@example.com,North,Premium,2023-05-22
4281,Aditya Verma,aditya.verma4281@example.com,South,Premium,2021-11-28
3428,Neha Reddy,neha.reddy3428@example.com,North,Premium,2022-02-09
1429,Meera Iyer,meera.iyer1429@example.com,North,Premium,2025-12-19
4075,Isha Joshi,isha.joshi4075@example.com,South,Standard,2021-10-14
3663,Sneha Verma,sneha.verma3663@example.com,West,Premium,2022-08-31
3624,Arjun Verma,arjun.verma3624@example.com,East,Standard,2023-12-07
325,Ananya Kapoor,ananya.kapoor325@example.com,East,Premium,2021-10-17
2643,Yash Desai,yash.desai2643@example.com,South,Standard,2023-11-30
31,Pooja Singh,pooja.singh31@example.com,West,Standard,2022-03-08
3881,Ananya Mishra,ananya.mishra3881@example.com,South,Premium,2023-12-10
4572,Aditi Sharma,aditi.sharma4572@example.com,East,Standard,2022-01-03
2059,Rohan Joshi,rohan.joshi2059@example.com,North,Premium,2022-10-01
4350,Vikram Gupta,vikram.gupta4350@example.com,North,Standard,2022-11-09
2882,Arjun Sharma,arjun.sharma2882@example.com,West,Premium,2021-05-17
2605,Priya Malhotra,priya.malhotra2605@example.com,South,Standard,2024-07-11
3161,Aarav Mishra,aarav.mishra3161@example.com,South,Standard,2022-08-06
1795,Isha Kapoor,isha.kapoor1795@example.com,East,Standard,2024-07-02
4361,Diya Mishra,diya.mishra4361@example.com,East,Premium,2021-06-08
3415,Kavya Mehta,kavya.mehta3415@example.com,North,Premium,2022-07-28
1602,Kabir Singh,kabir.singh1602@example.com,North,Premium,2025-06-21
3957,Neha Kapoor,neha.kapoor3957@example.com,West,Standard,2024-03-24
4161,Kavya Kapoor,kavya.kapoor4161@example.com,East,Standard,2022-03-05
1860,Kabir Sharma,kabir.sharma1860@example.com,South,Premium,2021-07-07
796,Pooja Mehta,pooja.mehta796@example.com,South,Premium,2023-09-01
3784,Aarav Shah,aarav.shah3784@example.com,North,Premium,2021-10-08
1264,Neha Nair,neha.nair1264@example.com,West,Standard,2024-09-23
4674,Aditi Shah,aditi.shah4674@example.com,East,Premium,2022-05-09
753,Sneha Verma,sneha.verma753@example.com,West,Standard,2024-12-17
3887,Aditi Shah,aditi.shah3887@example.com,East,Standard,2023-12-23
135,Aditya Mishra,aditya.mishra135@example.com,South,Premium,2024-07-21
1785,Karan Reddy,karan.reddy1785@example.com,South,Standard,2024-02-22
3340,Meera Joshi,meera.joshi3340@example.com,East,Premium,2024-02-17
1241,Isha Malhotra,isha.malhotra1241@example.com,East,Premium,2021-02-21
1953,Priya Iyer,priya.iyer1953@example.com,West,Standard,2025-01-31
1476,Isha Gupta,isha.gupta1476@example.com,South,Standard,2023-02-06
4500,Kabir Mishra,kabir.mishra4500@example.com,North,Premium,2023-06-25
4825,Priya Desai,priya.desai4825@example.com,South,Premium,2024-04-15
3362,Yash Shah,yash.shah3362@example.com,North,Standard,2022-06-04
1421,Neha Mishra,neha.mishra1421@example.com,North,Standard,2021-03-10
2401,Karan Malhotra,karan.malhotra2401@example.com,West,Standard,2021-03-31
4410,Karan Singh,karan.singh4410@example.com,North,Premium,2025-11-03
1641,Aditi Kapoor,aditi.kapoor1641@example.com,West,Standard,2021-12-22
2799,Aditi Reddy,aditi.reddy2799@example.com,North,Premium,2023-01-27
2304,Aarav Kapoor,aarav.kapoor2304@example.com,South,Premium,2025-11-19
3759,Rohan Patel,rohan.patel3759@example.com,West,Premium,2021-04-25
2406,Meera Malhotra,meera.malhotra2406@example.com,North,Standard,2021-07-19
4182,Sneha Singh,sneha.singh4182@example.com,South,Premium,2022-11-13
908,Ananya Mishra,ananya.mishra908@example.com,South,Standard,2023-11-24
4617,Aarav Malhotra,aarav.malhotra4617@example.com,West,Standard,2025-09-12
1998,Vivaan Patel,vivaan.patel1998@example.com,South,Premium,2025-02-01
2250,Karan Patel,karan.patel2250@example.com,South,Standard,2021-04-02
944,Karan Kapoor,karan.kapoor944@example.com,South,Standard,2021-12-21
2550,Aarav Singh,aarav.singh2550@example.com,East,Standard,2021-08-30
2790,Ananya Joshi,ananya.joshi2790@example.com,North,Standard,2021-06-30
4375,Arjun Mishra,arjun.mishra4375@example.com,North,Premium,2025-02-03
2291,Aditya Mehta,aditya.mehta2291@example.com,East,Premium,2025-04-20
2780,Kabir Nair,kabir.nair2780@example.com,North,Premium,2024-07-30
1916,Priya Joshi,priya.joshi1916@example.com,North,Premium,2022-09-23
2442,Vikram Reddy,vikram.reddy2442@example.com,South,Standard,2021-04-20
841,Diya Reddy,diya.reddy841@example.com,East,Premium,2022-07-26
649,Rohan Kapoor,rohan.kapoor649@example.com,East,Standard,2022-04-08
2902,Vikram Singh,vikram.singh2902@example.com,South,Premium,2022-08-28
1339,Karan Reddy,karan.reddy1339@example.com,West,Standard,2021-07-09
4068,Aditi Shah,aditi.shah4068@example.com,East,Standard,2025-05-01
259,Neha Joshi,neha.joshi259@example.com,South,Premium,2025-09-06
390,Kavya Verma,kavya.verma390@example.com,South,Premium,2024-12-09
3803,Isha Shah,isha.shah3803@example.com,East,Premium,2022-12-02
4077,Neha Desai,neha.desai4077@example.com,East,Premium,2023-11-18
3737,Vikram Singh,vikram.singh3737@example.com,South,Standard,2022-06-19
4137,Vivaan Mishra,vivaan.mishra4137@example.com,North,Premium,2023-09-01
484,Rohan Joshi,rohan.joshi484@example.com,East,Standard,2024-02-29
1611,Diya Malhotra,diya.malhotra1611@example.com,North,Standard,2024-12-07
2732,Arjun Malhotra,arjun.malhotra2732@example.com,East,Premium,2021-11-22
2850,Isha Joshi,isha.joshi2850@example.com,East,Standard,2024-08-19
4992,Arjun Mehta,arjun.mehta4992@example.com,East,Standard,2021-11-30
4143,Meera Desai,meera.desai4143@example.com,South,Premium,2023-06-19
2597,Pooja Joshi,pooja.joshi2597@example.com,West,Standard,2023-08-28
354,Rahul Singh,rahul.singh354@example.com,East,Standard,2023-09-16
37,Diya Singh,diya.singh37@example.com,North,Premium,2025-04-12
1801,Neha Patel,neha.patel1801@example.com,West,Standard,2025-05-05
3791,Karan Kapoor,karan.kapoor3791@example.com,West,Premium,2021-12-02
149,Neha Mehta,neha.mehta149@example.com,East,Premium,2024-03-09
4485,Rohan Mehta,rohan.mehta4485@example.com,East,Premium,2021-07-05
2803,Yash Nair,yash.nair2803@example.com,South,Standard,2023-07-29
4207,Diya Mehta,diya.mehta4207@example.com,West,Premium,2024-09-10
3011,Rohan Gupta,rohan.gupta3011@example.com,South,Standard,2022-09-22
1491,Aditya Mehta,aditya.mehta1491@example.com,South,Premium,2023-06-14
3565,Aditya Reddy,aditya.reddy3565@example.com,South,Premium,2024-11-03
2205,Sneha Iyer,sneha.iyer2205@example.com,East,Premium,2023-09-05
3620,Kabir Shah,kabir.shah3620@example.com,North,Standard,2024-02-01
1836,Diya Reddy,diya.reddy1836@example.com,South,Standard,2024-09-30
4240,Diya Iyer,diya.iyer4240@example.com,West,Premium,2025-04-12
464,Arjun Verma,arjun.verma464@example.com,South,Standard,2025-04-12
2011,Rohan Verma,rohan.verma2011@example.com,East,Standard,2025-08-06
1018,Isha Kapoor,isha.kapoor1018@example.com,West,Premium,2022-12-12
4052,Aditi Malhotra,aditi.malhotra4052@example.com,North,Premium,2025-12-19
568,Pooja Mehta,pooja.mehta568@example.com,South,Standard,2023-01-12
1078,Ananya Desai,ananya.desai1078@example.com,North,Standard,2021-06-08
899,Rahul Mehta,rahul.mehta899@example.com,West,Premium,2021-04-01
1835,Vikram Singh,vikram.singh1835@example.com,West,Premium,2022-11-27
2324,Diya Malhotra,diya.malhotra2324@example.com,South,Standard,2021-11-05
4804,Yash Singh,yash.singh4804@example.com,West,Standard,2021-03-13
4515,Karan Verma,karan.verma4515@example.com,South,Premium,2023-03-27
1576,Neha Iyer,neha.iyer1576@example.com,North,Standard,2025-07-10
696,Aditya Shah,aditya.shah696@example.com,North,Standard,2025-07-04
3979,Aarav Mehta,aarav.mehta3979@example.com,East,Premium,2024-03-22
2151,Neha Verma,neha.verma2151@example.com,West,Premium,2023-09-23
236,Diya Verma,diya.verma236@example.com,North,Standard,2023-05-21
1131,Karan Reddy,karan.reddy1131@example.com,North,Standard,2023-10-26
2200,Priya Nair,priya.nair2200@example.com,West,Standard,2025-09-25
4313,Sneha Shah,sneha.shah4313@example.com,North,Premium,2023-05-19
2685,Sneha Nair,sneha.nair2685@example.com,West,Premium,2021-11-04
3556,Aarav Shah,aarav.shah3556@example.com,East,Premium,2023-11-21
881,Pooja Reddy,pooja.reddy881@example.com,West,Standard,2021-04-10
3149,Meera Singh,meera.singh3149@example.com,North,Premium,2025-11-13
1443,Aditi Joshi,aditi.joshi1443@example.com,East,Premium,2025-12-27
4106,Pooja Malhotra,pooja.malhotra4106@example.com,East,Standard,2023-05-22
3779,Ananya Malhotra,ananya.malhotra3779@example.com,East,Premium,2024-01-17
1745,Karan Mehta,karan.mehta1745@example.com,East,Standard,2023-05-05
2985,Aarav Joshi,aarav.joshi2985@example.com,East,Standard,2024-07-26
